Pot;Hauteur;Recouvrement;Mesure;;;;;;;;;;;;;;;;;;;;;;;;;;;;;;;;
1;1.5;15;Renaud1;;;;;;;;;;;;;;;;;;;;;;;;;;;;;;;;
2;2.5;25;Renaud1;;;;;;;;;;;;;;;;;;;;;;;;;;;;;;;;
3;2;1;Renaud1;;;;;;;;;;;;;;;;;;;;;;;;;;;;;;;;
4;4;8;Renaud1;;;;;;;;;;;;;;;;;;;;;;;;;;;;;;;;
5;3;12;Renaud1;;;;;;;;;;;;;;;;;;;;;;;;;;;;;;;;
6;3;10;Renaud1;;;;;;;;;;;;;;;;;;;;;;;;;;;;;;;;
7;2.5;7;Renaud1;;;;;;;;;;;;;;;;;;;;;;;;;;;;;;;;
8;5;5;Renaud1;;;;;;;;;;;;;;;;;;;;;;;;;;;;;;;;
9;3;3;Renaud1;;;;;;;;;;;;;;;;;;;;;;;;;;;;;;;;
10;3.5;6;Renaud1;;;;;;;;;;;;;;;;;;;;;;;;;;;;;;;;
11;3;30;Renaud1;;;;;;;;;;;;;;;;;;;;;;;;;;;;;;;;
12;0.1;1;Renaud1;;;;;;;;;;;;;;;;;;;;;;;;;;;;;;;;
13;1;1;Renaud1;;;;;;;;;;;;;;;;;;;;;;;;;;;;;;;;
14;4;10;Renaud1;;;;;;;;;;;;;;;;;;;;;;;;;;;;;;;;
15;2;1;Renaud1;;;;;;;;;;;;;;;;;;;;;;;;;;;;;;;;
16;3.5;3;Renaud1;;;;;;;;;;;;;;;;;;;;;;;;;;;;;;;;
17;3;20;Renaud1;;;;;;;;;;;;;;;;;;;;;;;;;;;;;;;;
18;0.1;1;Renaud1;;;;;;;;;;;;;;;;;;;;;;;;;;;;;;;;
19;2;7;Renaud1;;;;;;;;;;;;;;;;;;;;;;;;;;;;;;;;
20;3;5;Renaud1;;;;;;;;;;;;;;;;;;;;;;;;;;;;;;;;
21;1;5;Renaud1;;;;;;;;;;;;;;;;;;;;;;;;;;;;;;;;
22;1.5;8;Renaud1;;;;;;;;;;;;;;;;;;;;;;;;;;;;;;;;
23;1.5;1;Renaud1;;;;;;;;;;;;;;;;;;;;;;;;;;;;;;;;
24;4.5;4;Renaud1;;;;;;;;;;;;;;;;;;;;;;;;;;;;;;;;
25;2;2;Renaud1;;;;;;;;;;;;;;;;;;;;;;;;;;;;;;;;
26;2;1;Renaud1;;;;;;;;;;;;;;;;;;;;;;;;;;;;;;;;
27;2;1;Renaud1;;;;;;;;;;;;;;;;;;;;;;;;;;;;;;;;
28;2.5;2;Renaud1;;;;;;;;;;;;;;;;;;;;;;;;;;;;;;;;
29;3;2;Renaud1;;;;;;;;;;;;;;;;;;;;;;;;;;;;;;;;
30;0;0;Renaud1;;;;;;;;;;;;;;;;;;;;;;;;;;;;;;;;
31;0;0;Renaud1;;;;;;;;;;;;;;;;;;;;;;;;;;;;;;;;
32;0;0;Renaud1;;;;;;;;;;;;;;;;;;;;;;;;;;;;;;;;
33;0;0;Renaud1;;;;;;;;;;;;;;;;;;;;;;;;;;;;;;;;
34;0;0;Renaud1;;;;;;;;;;;;;;;;;;;;;;;;;;;;;;;;
35;0;0;Renaud1;;;;;;;;;;;;;;;;;;;;;;;;;;;;;;;;
36;0;0;Renaud1;;;;;;;;;;;;;;;;;;;;;;;;;;;;;;;;
37;2.5;5;Renaud1;;;;;;;;;;;;;;;;;;;;;;;;;;;;;;;;
38;4;25;Renaud1;;;;;;;;;;;;;;;;;;;;;;;;;;;;;;;;
39;3;10;Renaud1;;;;;;;;;;;;;;;;;;;;;;;;;;;;;;;;
40;3;45;Renaud1;;;;;;;;;;;;;;;;;;;;;;;;;;;;;;;;
41;0.1;1;Renaud1;;;;;;;;;;;;;;;;;;;;;;;;;;;;;;;;
42;1.5;1;Renaud1;;;;;;;;;;;;;;;;;;;;;;;;;;;;;;;;
43;5;15;Renaud1;;;;;;;;;;;;;;;;;;;;;;;;;;;;;;;;
44;2.5;3;Renaud1;;;;;;;;;;;;;;;;;;;;;;;;;;;;;;;;
45;2.5;7;Renaud1;;;;;;;;;;;;;;;;;;;;;;;;;;;;;;;;
46;2.5;25;Renaud1;;;;;;;;;;;;;;;;;;;;;;;;;;;;;;;;
47;2.5;3;Renaud1;;;;;;;;;;;;;;;;;;;;;;;;;;;;;;;;
48;2;10;Renaud1;;;;;;;;;;;;;;;;;;;;;;;;;;;;;;;;
49;2;4;Renaud1;;;;;;;;;;;;;;;;;;;;;;;;;;;;;;;;
50;4;7;Renaud1;;;;;;;;;;;;;;;;;;;;;;;;;;;;;;;;
51;2;12;Renaud1;;;;;;;;;;;;;;;;;;;;;;;;;;;;;;;;
52;2.5;1;Renaud1;;;;;;;;;;;;;;;;;;;;;;;;;;;;;;;;
53;3;7;Renaud1;;;;;;;;;;;;;;;;;;;;;;;;;;;;;;;;
54;3.5;5;Renaud1;;;;;;;;;;;;;;;;;;;;;;;;;;;;;;;;
55;4;30;Renaud1;;;;;;;;;;;;;;;;;;;;;;;;;;;;;;;;
56;0.1;1;Renaud1;;;;;;;;;;;;;;;;;;;;;;;;;;;;;;;;
57;1;1;Renaud1;;;;;;;;;;;;;;;;;;;;;;;;;;;;;;;;
58;3;2;Renaud1;;;;;;;;;;;;;;;;;;;;;;;;;;;;;;;;
59;2;1;Renaud1;;;;;;;;;;;;;;;;;;;;;;;;;;;;;;;;
60;2;1;Renaud1;;;;;;;;;;;;;;;;;;;;;;;;;;;;;;;;
61;2;30;Renaud1;;;;;;;;;;;;;;;;;;;;;;;;;;;;;;;;
62;0.5;1;Renaud1;;;;;;;;;;;;;;;;;;;;;;;;;;;;;;;;
63;3;4;Renaud1;;;;;;;;;;;;;;;;;;;;;;;;;;;;;;;;
64;2.5;7;Renaud1;;;;;;;;;;;;;;;;;;;;;;;;;;;;;;;;
65;2;5;Renaud1;;;;;;;;;;;;;;;;;;;;;;;;;;;;;;;;
66;2;5;Renaud1;;;;;;;;;;;;;;;;;;;;;;;;;;;;;;;;
67;1;1;Renaud1;;;;;;;;;;;;;;;;;;;;;;;;;;;;;;;;
68;3;3;Renaud1;;;;;;;;;;;;;;;;;;;;;;;;;;;;;;;;
69;2.5;2;Renaud1;;;;;;;;;;;;;;;;;;;;;;;;;;;;;;;;
70;5;2;Renaud1;;;;;;;;;;;;;;;;;;;;;;;;;;;;;;;;
71;2;1;Renaud1;;;;;;;;;;;;;;;;;;;;;;;;;;;;;;;;
72;2;2;Renaud1;;;;;;;;;;;;;;;;;;;;;;;;;;;;;;;;
73;2.5;2;Renaud1;;;;;;;;;;;;;;;;;;;;;;;;;;;;;;;;
74;0;0;Renaud1;;;;;;;;;;;;;;;;;;;;;;;;;;;;;;;;
75;0;0;Renaud1;;;;;;;;;;;;;;;;;;;;;;;;;;;;;;;;
76;0;0;Renaud1;;;;;;;;;;;;;;;;;;;;;;;;;;;;;;;;
77;0;0;Renaud1;;;;;;;;;;;;;;;;;;;;;;;;;;;;;;;;
78;0;0;Renaud1;;;;;;;;;;;;;;;;;;;;;;;;;;;;;;;;
79;0;0;Renaud1;;;;;;;;;;;;;;;;;;;;;;;;;;;;;;;;
80;0;0;Renaud1;;;;;;;;;;;;;;;;;;;;;;;;;;;;;;;;
81;4.5;5;Renaud1;;;;;;;;;;;;;;;;;;;;;;;;;;;;;;;;
82;4;25;Renaud1;;;;;;;;;;;;;;;;;;;;;;;;;;;;;;;;
83;4;8;Renaud1;;;;;;;;;;;;;;;;;;;;;;;;;;;;;;;;
84;4;50;Renaud1;;;;;;;;;;;;;;;;;;;;;;;;;;;;;;;;
85;0.1;1;Renaud1;;;;;;;;;;;;;;;;;;;;;;;;;;;;;;;;
86;1.5;1;Renaud1;;;;;;;;;;;;;;;;;;;;;;;;;;;;;;;;
87;5;25;Renaud1;;;;;;;;;;;;;;;;;;;;;;;;;;;;;;;;
88;2.5;4;Renaud1;;;;;;;;;;;;;;;;;;;;;;;;;;;;;;;;
89;3;15;Renaud1;;;;;;;;;;;;;;;;;;;;;;;;;;;;;;;;
90;3.5;25;Renaud1;;;;;;;;;;;;;;;;;;;;;;;;;;;;;;;;
91;2;7;Renaud1;;;;;;;;;;;;;;;;;;;;;;;;;;;;;;;;
92;3.5;10;Renaud1;;;;;;;;;;;;;;;;;;;;;;;;;;;;;;;;
93;3;7;Renaud1;;;;;;;;;;;;;;;;;;;;;;;;;;;;;;;;
94;3;17;Renaud1;;;;;;;;;;;;;;;;;;;;;;;;;;;;;;;;
95;4;10;Renaud1;;;;;;;;;;;;;;;;;;;;;;;;;;;;;;;;
96;2;1;Renaud1;;;;;;;;;;;;;;;;;;;;;;;;;;;;;;;;
97;3.5;5;Renaud1;;;;;;;;;;;;;;;;;;;;;;;;;;;;;;;;
98;2.5;4;Renaud1;;;;;;;;;;;;;;;;;;;;;;;;;;;;;;;;
99;3;30;Renaud1;;;;;;;;;;;;;;;;;;;;;;;;;;;;;;;;
100;0.1;1;Renaud1;;;;;;;;;;;;;;;;;;;;;;;;;;;;;;;;
101;1.5;1;Renaud1;;;;;;;;;;;;;;;;;;;;;;;;;;;;;;;;
102;3;3;Renaud1;;;;;;;;;;;;;;;;;;;;;;;;;;;;;;;;
103;2;1;Renaud1;;;;;;;;;;;;;;;;;;;;;;;;;;;;;;;;
104;2.5;2;Renaud1;;;;;;;;;;;;;;;;;;;;;;;;;;;;;;;;
105;2;18;Renaud1;;;;;;;;;;;;;;;;;;;;;;;;;;;;;;;;
106;0.1;1;Renaud1;;;;;;;;;;;;;;;;;;;;;;;;;;;;;;;;
107;3;5;Renaud1;;;;;;;;;;;;;;;;;;;;;;;;;;;;;;;;
108;3;5;Renaud1;;;;;;;;;;;;;;;;;;;;;;;;;;;;;;;;
109;2;5;Renaud1;;;;;;;;;;;;;;;;;;;;;;;;;;;;;;;;
110;2;12;Renaud1;;;;;;;;;;;;;;;;;;;;;;;;;;;;;;;;
111;1;1;Renaud1;;;;;;;;;;;;;;;;;;;;;;;;;;;;;;;;
112;3;6;Renaud1;;;;;;;;;;;;;;;;;;;;;;;;;;;;;;;;
113;2;1;Renaud1;;;;;;;;;;;;;;;;;;;;;;;;;;;;;;;;
114;4;2;Renaud1;;;;;;;;;;;;;;;;;;;;;;;;;;;;;;;;
115;2.5;2;Renaud1;;;;;;;;;;;;;;;;;;;;;;;;;;;;;;;;
116;3;2;Renaud1;;;;;;;;;;;;;;;;;;;;;;;;;;;;;;;;
117;2;1;Renaud1;;;;;;;;;;;;;;;;;;;;;;;;;;;;;;;;
118;0;0;Renaud1;;;;;;;;;;;;;;;;;;;;;;;;;;;;;;;;
119;0;0;Renaud1;;;;;;;;;;;;;;;;;;;;;;;;;;;;;;;;
120;0;0;Renaud1;;;;;;;;;;;;;;;;;;;;;;;;;;;;;;;;
121;0;0;Renaud1;;;;;;;;;;;;;;;;;;;;;;;;;;;;;;;;
122;0;0;Renaud1;;;;;;;;;;;;;;;;;;;;;;;;;;;;;;;;
123;0;0;Renaud1;;;;;;;;;;;;;;;;;;;;;;;;;;;;;;;;
124;0;0;Renaud1;;;;;;;;;;;;;;;;;;;;;;;;;;;;;;;;
125;2;4;Renaud1;;;;;;;;;;;;;;;;;;;;;;;;;;;;;;;;
126;3;15;Renaud1;;;;;;;;;;;;;;;;;;;;;;;;;;;;;;;;
127;4;10;Renaud1;;;;;;;;;;;;;;;;;;;;;;;;;;;;;;;;
128;3;40;Renaud1;;;;;;;;;;;;;;;;;;;;;;;;;;;;;;;;
129;0.1;1;Renaud1;;;;;;;;;;;;;;;;;;;;;;;;;;;;;;;;
130;1.5;2;Renaud1;;;;;;;;;;;;;;;;;;;;;;;;;;;;;;;;
131;4.5;20;Renaud1;;;;;;;;;;;;;;;;;;;;;;;;;;;;;;;;
132;2;4;Renaud1;;;;;;;;;;;;;;;;;;;;;;;;;;;;;;;;
133;3.5;10;Renaud1;;;;;;;;;;;;;;;;;;;;;;;;;;;;;;;;
134;5;20;Renaud1;;;;;;;;;;;;;;;;;;;;;;;;;;;;;;;;
135;2;2;Renaud1;;;;;;;;;;;;;;;;;;;;;;;;;;;;;;;;
136;3;12;Renaud1;;;;;;;;;;;;;;;;;;;;;;;;;;;;;;;;
137;2;5;Renaud1;;;;;;;;;;;;;;;;;;;;;;;;;;;;;;;;
138;4;3;Renaud1;;;;;;;;;;;;;;;;;;;;;;;;;;;;;;;;
139;2;7;Renaud1;;;;;;;;;;;;;;;;;;;;;;;;;;;;;;;;
140;2;2;Renaud1;;;;;;;;;;;;;;;;;;;;;;;;;;;;;;;;
141;2;10;Renaud1;;;;;;;;;;;;;;;;;;;;;;;;;;;;;;;;
142;3;4;Renaud1;;;;;;;;;;;;;;;;;;;;;;;;;;;;;;;;
143;3;20;Renaud1;;;;;;;;;;;;;;;;;;;;;;;;;;;;;;;;
144;0.1;1;Renaud1;;;;;;;;;;;;;;;;;;;;;;;;;;;;;;;;
145;1.5;1;Renaud1;;;;;;;;;;;;;;;;;;;;;;;;;;;;;;;;
146;3.5;10;Renaud1;;;;;;;;;;;;;;;;;;;;;;;;;;;;;;;;
147;2;2;Renaud1;;;;;;;;;;;;;;;;;;;;;;;;;;;;;;;;
148;2.5;2;Renaud1;;;;;;;;;;;;;;;;;;;;;;;;;;;;;;;;
149;3;20;Renaud1;;;;;;;;;;;;;;;;;;;;;;;;;;;;;;;;
150;0.1;1;Renaud1;;;;;;;;;;;;;;;;;;;;;;;;;;;;;;;;
151;2;4;Renaud1;;;;;;;;;;;;;;;;;;;;;;;;;;;;;;;;
152;2;4;Renaud1;;;;;;;;;;;;;;;;;;;;;;;;;;;;;;;;
153;2;6;Renaud1;;;;;;;;;;;;;;;;;;;;;;;;;;;;;;;;
154;3;7;Renaud1;;;;;;;;;;;;;;;;;;;;;;;;;;;;;;;;
155;1.5;1;Renaud1;;;;;;;;;;;;;;;;;;;;;;;;;;;;;;;;
156;4;5;Renaud1;;;;;;;;;;;;;;;;;;;;;;;;;;;;;;;;
157;2;1;Renaud1;;;;;;;;;;;;;;;;;;;;;;;;;;;;;;;;
158;2.5;2;Renaud1;;;;;;;;;;;;;;;;;;;;;;;;;;;;;;;;
159;1.5;1;Renaud1;;;;;;;;;;;;;;;;;;;;;;;;;;;;;;;;
160;3.5;4;Renaud1;;;;;;;;;;;;;;;;;;;;;;;;;;;;;;;;
161;5;2;Renaud1;;;;;;;;;;;;;;;;;;;;;;;;;;;;;;;;
162;0;0;Renaud1;;;;;;;;;;;;;;;;;;;;;;;;;;;;;;;;
163;0;0;Renaud1;;;;;;;;;;;;;;;;;;;;;;;;;;;;;;;;
164;0;0;Renaud1;;;;;;;;;;;;;;;;;;;;;;;;;;;;;;;;
165;0;0;Renaud1;;;;;;;;;;;;;;;;;;;;;;;;;;;;;;;;
166;0;0;Renaud1;;;;;;;;;;;;;;;;;;;;;;;;;;;;;;;;
167;0;0;Renaud1;;;;;;;;;;;;;;;;;;;;;;;;;;;;;;;;
168;0;0;Renaud1;;;;;;;;;;;;;;;;;;;;;;;;;;;;;;;;
169;3;4;Renaud1;;;;;;;;;;;;;;;;;;;;;;;;;;;;;;;;
170;3;10;Renaud1;;;;;;;;;;;;;;;;;;;;;;;;;;;;;;;;
171;3.5;5;Renaud1;;;;;;;;;;;;;;;;;;;;;;;;;;;;;;;;
172;3;40;Renaud1;;;;;;;;;;;;;;;;;;;;;;;;;;;;;;;;
173;0.1;1;Renaud1;;;;;;;;;;;;;;;;;;;;;;;;;;;;;;;;
174;2;1;Renaud1;;;;;;;;;;;;;;;;;;;;;;;;;;;;;;;;
175;4;12;Renaud1;;;;;;;;;;;;;;;;;;;;;;;;;;;;;;;;
176;2;3;Renaud1;;;;;;;;;;;;;;;;;;;;;;;;;;;;;;;;
177;4;15;Renaud1;;;;;;;;;;;;;;;;;;;;;;;;;;;;;;;;
178;3.5;17;Renaud1;;;;;;;;;;;;;;;;;;;;;;;;;;;;;;;;
179;3;7;Renaud1;;;;;;;;;;;;;;;;;;;;;;;;;;;;;;;;
180;2.5;10;Renaud1;;;;;;;;;;;;;;;;;;;;;;;;;;;;;;;;
181;3.5;10;Renaud1;;;;;;;;;;;;;;;;;;;;;;;;;;;;;;;;
182;3;12;Renaud1;;;;;;;;;;;;;;;;;;;;;;;;;;;;;;;;
183;3;12;Renaud1;;;;;;;;;;;;;;;;;;;;;;;;;;;;;;;;
184;2.5;2;Renaud1;;;;;;;;;;;;;;;;;;;;;;;;;;;;;;;;
185;3;5;Renaud1;;;;;;;;;;;;;;;;;;;;;;;;;;;;;;;;
186;4;5;Renaud1;;;;;;;;;;;;;;;;;;;;;;;;;;;;;;;;
187;3;25;Renaud1;;;;;;;;;;;;;;;;;;;;;;;;;;;;;;;;
188;0.1;1;Renaud1;;;;;;;;;;;;;;;;;;;;;;;;;;;;;;;;
189;2;1;Renaud1;;;;;;;;;;;;;;;;;;;;;;;;;;;;;;;;
190;3;2;Renaud1;;;;;;;;;;;;;;;;;;;;;;;;;;;;;;;;
191;2;3;Renaud1;;;;;;;;;;;;;;;;;;;;;;;;;;;;;;;;
192;3.5;3;Renaud1;;;;;;;;;;;;;;;;;;;;;;;;;;;;;;;;
193;3.5;25;Renaud1;;;;;;;;;;;;;;;;;;;;;;;;;;;;;;;;
194;0.1;1;Renaud1;;;;;;;;;;;;;;;;;;;;;;;;;;;;;;;;
195;2.5;4;Renaud1;;;;;;;;;;;;;;;;;;;;;;;;;;;;;;;;
196;3;4;Renaud1;;;;;;;;;;;;;;;;;;;;;;;;;;;;;;;;
197;3;3;Renaud1;;;;;;;;;;;;;;;;;;;;;;;;;;;;;;;;
198;2.5;12;Renaud1;;;;;;;;;;;;;;;;;;;;;;;;;;;;;;;;
199;1.5;2;Renaud1;;;;;;;;;;;;;;;;;;;;;;;;;;;;;;;;
200;4;2;Renaud1;;;;;;;;;;;;;;;;;;;;;;;;;;;;;;;;
201;2;2;Renaud1;;;;;;;;;;;;;;;;;;;;;;;;;;;;;;;;
202;2;3;Renaud1;;;;;;;;;;;;;;;;;;;;;;;;;;;;;;;;
203;3.5;4;Renaud1;;;;;;;;;;;;;;;;;;;;;;;;;;;;;;;;
204;2;1;Renaud1;;;;;;;;;;;;;;;;;;;;;;;;;;;;;;;;
205;2.5;1;Renaud1;;;;;;;;;;;;;;;;;;;;;;;;;;;;;;;;
206;0;0;Renaud1;;;;;;;;;;;;;;;;;;;;;;;;;;;;;;;;
207;0;0;Renaud1;;;;;;;;;;;;;;;;;;;;;;;;;;;;;;;;
208;0;0;Renaud1;;;;;;;;;;;;;;;;;;;;;;;;;;;;;;;;
209;0;0;Renaud1;;;;;;;;;;;;;;;;;;;;;;;;;;;;;;;;
210;0;0;Renaud1;;;;;;;;;;;;;;;;;;;;;;;;;;;;;;;;
211;0;0;Renaud1;;;;;;;;;;;;;;;;;;;;;;;;;;;;;;;;
212;0;0;Renaud1;;;;;;;;;;;;;;;;;;;;;;;;;;;;;;;;
213;2.5;5;Renaud1;;;;;;;;;;;;;;;;;;;;;;;;;;;;;;;;
214;3.5;9;Renaud1;;;;;;;;;;;;;;;;;;;;;;;;;;;;;;;;
215;3.5;10;Renaud1;;;;;;;;;;;;;;;;;;;;;;;;;;;;;;;;
216;3;45;Renaud1;;;;;;;;;;;;;;;;;;;;;;;;;;;;;;;;
217;0.1;1;Renaud1;;;;;;;;;;;;;;;;;;;;;;;;;;;;;;;;
218;2;1;Renaud1;;;;;;;;;;;;;;;;;;;;;;;;;;;;;;;;
219;5.5;35;Renaud1;;;;;;;;;;;;;;;;;;;;;;;;;;;;;;;;
220;3;3;Renaud1;;;;;;;;;;;;;;;;;;;;;;;;;;;;;;;;
221;3;12;Renaud1;;;;;;;;;;;;;;;;;;;;;;;;;;;;;;;;
222;3;20;Renaud1;;;;;;;;;;;;;;;;;;;;;;;;;;;;;;;;
223;1.5;2;Renaud1;;;;;;;;;;;;;;;;;;;;;;;;;;;;;;;;
224;2.5;15;Renaud1;;;;;;;;;;;;;;;;;;;;;;;;;;;;;;;;
225;3.5;9;Renaud1;;;;;;;;;;;;;;;;;;;;;;;;;;;;;;;;
226;5;15;Renaud1;;;;;;;;;;;;;;;;;;;;;;;;;;;;;;;;
227;2.5;7;Renaud1;;;;;;;;;;;;;;;;;;;;;;;;;;;;;;;;
228;4.5;2;Renaud1;;;;;;;;;;;;;;;;;;;;;;;;;;;;;;;;
229;4;15;Renaud1;;;;;;;;;;;;;;;;;;;;;;;;;;;;;;;;
230;3;5;Renaud1;;;;;;;;;;;;;;;;;;;;;;;;;;;;;;;;
231;2;20;Renaud1;;;;;;;;;;;;;;;;;;;;;;;;;;;;;;;;
232;0.1;1;Renaud1;;;;;;;;;;;;;;;;;;;;;;;;;;;;;;;;
233;2;1;Renaud1;;;;;;;;;;;;;;;;;;;;;;;;;;;;;;;;
234;4;5;Renaud1;;;;;;;;;;;;;;;;;;;;;;;;;;;;;;;;
235;3;3;Renaud1;;;;;;;;;;;;;;;;;;;;;;;;;;;;;;;;
236;3.5;10;Renaud1;;;;;;;;;;;;;;;;;;;;;;;;;;;;;;;;
237;3.5;22;Renaud1;;;;;;;;;;;;;;;;;;;;;;;;;;;;;;;;
238;0.1;1;Renaud1;;;;;;;;;;;;;;;;;;;;;;;;;;;;;;;;
239;4;4;Renaud1;;;;;;;;;;;;;;;;;;;;;;;;;;;;;;;;
240;3;5;Renaud1;;;;;;;;;;;;;;;;;;;;;;;;;;;;;;;;
241;2.5;5;Renaud1;;;;;;;;;;;;;;;;;;;;;;;;;;;;;;;;
242;4;3;Renaud1;;;;;;;;;;;;;;;;;;;;;;;;;;;;;;;;
243;1.5;1;Renaud1;;;;;;;;;;;;;;;;;;;;;;;;;;;;;;;;
244;2;3;Renaud1;;;;;;;;;;;;;;;;;;;;;;;;;;;;;;;;
245;2.5;1;Renaud1;;;;;;;;;;;;;;;;;;;;;;;;;;;;;;;;
246;3.5;2;Renaud1;;;;;;;;;;;;;;;;;;;;;;;;;;;;;;;;
247;3.5;2;Renaud1;;;;;;;;;;;;;;;;;;;;;;;;;;;;;;;;
248;3;2;Renaud1;;;;;;;;;;;;;;;;;;;;;;;;;;;;;;;;
249;2.5;2;Renaud1;;;;;;;;;;;;;;;;;;;;;;;;;;;;;;;;
250;0;0;Renaud1;;;;;;;;;;;;;;;;;;;;;;;;;;;;;;;;
251;0;0;Renaud1;;;;;;;;;;;;;;;;;;;;;;;;;;;;;;;;
252;0;0;Renaud1;;;;;;;;;;;;;;;;;;;;;;;;;;;;;;;;
253;0;0;Renaud1;;;;;;;;;;;;;;;;;;;;;;;;;;;;;;;;
254;0;0;Renaud1;;;;;;;;;;;;;;;;;;;;;;;;;;;;;;;;
255;0;0;Renaud1;;;;;;;;;;;;;;;;;;;;;;;;;;;;;;;;
256;0;0;Renaud1;;;;;;;;;;;;;;;;;;;;;;;;;;;;;;;;
257;3;3;Renaud1;;;;;;;;;;;;;;;;;;;;;;;;;;;;;;;;
258;2.5;10;Renaud1;;;;;;;;;;;;;;;;;;;;;;;;;;;;;;;;
259;4.5;17;Renaud1;;;;;;;;;;;;;;;;;;;;;;;;;;;;;;;;
260;4;40;Renaud1;;;;;;;;;;;;;;;;;;;;;;;;;;;;;;;;
261;0.1;1;Renaud1;;;;;;;;;;;;;;;;;;;;;;;;;;;;;;;;
262;2;2;Renaud1;;;;;;;;;;;;;;;;;;;;;;;;;;;;;;;;
263;5;40;Renaud1;;;;;;;;;;;;;;;;;;;;;;;;;;;;;;;;
264;2;3;Renaud1;;;;;;;;;;;;;;;;;;;;;;;;;;;;;;;;
265;3;15;Renaud1;;;;;;;;;;;;;;;;;;;;;;;;;;;;;;;;
266;3.5;25;Renaud1;;;;;;;;;;;;;;;;;;;;;;;;;;;;;;;;
267;2;3;Renaud1;;;;;;;;;;;;;;;;;;;;;;;;;;;;;;;;
268;2.5;10;Renaud1;;;;;;;;;;;;;;;;;;;;;;;;;;;;;;;;
269;3;10;Renaud1;;;;;;;;;;;;;;;;;;;;;;;;;;;;;;;;
270;3;12;Renaud1;;;;;;;;;;;;;;;;;;;;;;;;;;;;;;;;
271;3;10;Renaud1;;;;;;;;;;;;;;;;;;;;;;;;;;;;;;;;
272;2;1;Renaud1;;;;;;;;;;;;;;;;;;;;;;;;;;;;;;;;
273;2;5;Renaud1;;;;;;;;;;;;;;;;;;;;;;;;;;;;;;;;
274;3;4;Renaud1;;;;;;;;;;;;;;;;;;;;;;;;;;;;;;;;
275;4;6;Renaud1;;;;;;;;;;;;;;;;;;;;;;;;;;;;;;;;
276;0.1;1;Renaud1;;;;;;;;;;;;;;;;;;;;;;;;;;;;;;;;
277;2;1;Renaud1;;;;;;;;;;;;;;;;;;;;;;;;;;;;;;;;
278;4;15;Renaud1;;;;;;;;;;;;;;;;;;;;;;;;;;;;;;;;
279;2;1;Renaud1;;;;;;;;;;;;;;;;;;;;;;;;;;;;;;;;
280;3.5;5;Renaud1;;;;;;;;;;;;;;;;;;;;;;;;;;;;;;;;
281;3;2;Renaud1;;;;;;;;;;;;;;;;;;;;;;;;;;;;;;;;
282;0.1;1;Renaud1;;;;;;;;;;;;;;;;;;;;;;;;;;;;;;;;
283;3.5;4;Renaud1;;;;;;;;;;;;;;;;;;;;;;;;;;;;;;;;
284;2;7;Renaud1;;;;;;;;;;;;;;;;;;;;;;;;;;;;;;;;
285;3;4;Renaud1;;;;;;;;;;;;;;;;;;;;;;;;;;;;;;;;
286;3.5;5;Renaud1;;;;;;;;;;;;;;;;;;;;;;;;;;;;;;;;
287;1.5;1;Renaud1;;;;;;;;;;;;;;;;;;;;;;;;;;;;;;;;
288;3.5;4;Renaud1;;;;;;;;;;;;;;;;;;;;;;;;;;;;;;;;
289;2;1;Renaud1;;;;;;;;;;;;;;;;;;;;;;;;;;;;;;;;
290;2.5;7;Renaud1;;;;;;;;;;;;;;;;;;;;;;;;;;;;;;;;
291;2.5;1;Renaud1;;;;;;;;;;;;;;;;;;;;;;;;;;;;;;;;
292;2;2;Renaud1;;;;;;;;;;;;;;;;;;;;;;;;;;;;;;;;
293;3;2;Renaud1;;;;;;;;;;;;;;;;;;;;;;;;;;;;;;;;
294;0;0;Renaud1;;;;;;;;;;;;;;;;;;;;;;;;;;;;;;;;
295;0;0;Renaud1;;;;;;;;;;;;;;;;;;;;;;;;;;;;;;;;
296;0;0;Renaud1;;;;;;;;;;;;;;;;;;;;;;;;;;;;;;;;
297;0;0;Renaud1;;;;;;;;;;;;;;;;;;;;;;;;;;;;;;;;
298;0;0;Renaud1;;;;;;;;;;;;;;;;;;;;;;;;;;;;;;;;
299;0;0;Renaud1;;;;;;;;;;;;;;;;;;;;;;;;;;;;;;;;
300;0;0;Renaud1;;;;;;;;;;;;;;;;;;;;;;;;;;;;;;;;
301;4;7;Renaud1;;;;;;;;;;;;;;;;;;;;;;;;;;;;;;;;
302;2;12;Renaud1;;;;;;;;;;;;;;;;;;;;;;;;;;;;;;;;
303;3;8;Renaud1;;;;;;;;;;;;;;;;;;;;;;;;;;;;;;;;
304;3.5;50;Renaud1;;;;;;;;;;;;;;;;;;;;;;;;;;;;;;;;
305;0.1;1;Renaud1;;;;;;;;;;;;;;;;;;;;;;;;;;;;;;;;
306;2;1;Renaud1;;;;;;;;;;;;;;;;;;;;;;;;;;;;;;;;
307;4;25;Renaud1;;;;;;;;;;;;;;;;;;;;;;;;;;;;;;;;
308;2;3;Renaud1;;;;;;;;;;;;;;;;;;;;;;;;;;;;;;;;
309;4;2;Renaud1;;;;;;;;;;;;;;;;;;;;;;;;;;;;;;;;
310;3;20;Renaud1;;;;;;;;;;;;;;;;;;;;;;;;;;;;;;;;
311;2;1;Renaud1;;;;;;;;;;;;;;;;;;;;;;;;;;;;;;;;
312;4;4;Renaud1;;;;;;;;;;;;;;;;;;;;;;;;;;;;;;;;
313;2;3;Renaud1;;;;;;;;;;;;;;;;;;;;;;;;;;;;;;;;
314;3;2;Renaud1;;;;;;;;;;;;;;;;;;;;;;;;;;;;;;;;
315;4;5;Renaud1;;;;;;;;;;;;;;;;;;;;;;;;;;;;;;;;
316;3.5;1;Renaud1;;;;;;;;;;;;;;;;;;;;;;;;;;;;;;;;
317;0;0;Renaud1;;;;;;;;;;;;;;;;;;;;;;;;;;;;;;;;
318;3.5;2;Renaud1;;;;;;;;;;;;;;;;;;;;;;;;;;;;;;;;
319;3;10;Renaud1;;;;;;;;;;;;;;;;;;;;;;;;;;;;;;;;
320;0.1;1;Renaud1;;;;;;;;;;;;;;;;;;;;;;;;;;;;;;;;
321;0.1;1;Renaud1;;;;;;;;;;;;;;;;;;;;;;;;;;;;;;;;
322;3;1;Renaud1;;;;;;;;;;;;;;;;;;;;;;;;;;;;;;;;
323;2.5;1;Renaud1;;;;;;;;;;;;;;;;;;;;;;;;;;;;;;;;
324;1;1;Renaud1;;;;;;;;;;;;;;;;;;;;;;;;;;;;;;;;
325;3.5;25;Renaud1;;;;;;;;;;;;;;;;;;;;;;;;;;;;;;;;
326;0;0;Renaud1;;;;;;;;;;;;;;;;;;;;;;;;;;;;;;;;
327;2.5;3;Renaud1;;;;;;;;;;;;;;;;;;;;;;;;;;;;;;;;
328;3;5;Renaud1;;;;;;;;;;;;;;;;;;;;;;;;;;;;;;;;
329;2;2;Renaud1;;;;;;;;;;;;;;;;;;;;;;;;;;;;;;;;
330;1.5;2;Renaud1;;;;;;;;;;;;;;;;;;;;;;;;;;;;;;;;
331;0;0;Renaud1;;;;;;;;;;;;;;;;;;;;;;;;;;;;;;;;
332;2.5;2;Renaud1;;;;;;;;;;;;;;;;;;;;;;;;;;;;;;;;
333;2;1;Renaud1;;;;;;;;;;;;;;;;;;;;;;;;;;;;;;;;
334;2.5;1;Renaud1;;;;;;;;;;;;;;;;;;;;;;;;;;;;;;;;
335;3.5;2;Renaud1;;;;;;;;;;;;;;;;;;;;;;;;;;;;;;;;
336;2;1;Renaud1;;;;;;;;;;;;;;;;;;;;;;;;;;;;;;;;
337;1.5;1;Renaud1;;;;;;;;;;;;;;;;;;;;;;;;;;;;;;;;
338;0;0;Renaud1;;;;;;;;;;;;;;;;;;;;;;;;;;;;;;;;
339;0;0;Renaud1;;;;;;;;;;;;;;;;;;;;;;;;;;;;;;;;
340;0;0;Renaud1;;;;;;;;;;;;;;;;;;;;;;;;;;;;;;;;
341;0;0;Renaud1;;;;;;;;;;;;;;;;;;;;;;;;;;;;;;;;
342;0;0;Renaud1;;;;;;;;;;;;;;;;;;;;;;;;;;;;;;;;
343;0;0;Renaud1;;;;;;;;;;;;;;;;;;;;;;;;;;;;;;;;
344;0;0;Renaud1;;;;;;;;;;;;;;;;;;;;;;;;;;;;;;;;
345;2;1;Renaud1;;;;;;;;;;;;;;;;;;;;;;;;;;;;;;;;
346;3;2;Renaud1;;;;;;;;;;;;;;;;;;;;;;;;;;;;;;;;
347;2;1;Renaud1;;;;;;;;;;;;;;;;;;;;;;;;;;;;;;;;
348;3.5;20;Renaud1;;;;;;;;;;;;;;;;;;;;;;;;;;;;;;;;
349;0;0;Renaud1;;;;;;;;;;;;;;;;;;;;;;;;;;;;;;;;
350;2;1;Renaud1;;;;;;;;;;;;;;;;;;;;;;;;;;;;;;;;
351;2.5;1;Renaud1;;;;;;;;;;;;;;;;;;;;;;;;;;;;;;;;
352;2.5;3;Renaud1;;;;;;;;;;;;;;;;;;;;;;;;;;;;;;;;
353;2;1;Renaud1;;;;;;;;;;;;;;;;;;;;;;;;;;;;;;;;
354;2;12;Renaud1;;;;;;;;;;;;;;;;;;;;;;;;;;;;;;;;
355;2.5;1;Renaud1;;;;;;;;;;;;;;;;;;;;;;;;;;;;;;;;
356;3.5;3;Renaud1;;;;;;;;;;;;;;;;;;;;;;;;;;;;;;;;
357;2;3;Renaud1;;;;;;;;;;;;;;;;;;;;;;;;;;;;;;;;
358;2;3;Renaud1;;;;;;;;;;;;;;;;;;;;;;;;;;;;;;;;
359;3;2;Renaud1;;;;;;;;;;;;;;;;;;;;;;;;;;;;;;;;
360;2.5;1;Renaud1;;;;;;;;;;;;;;;;;;;;;;;;;;;;;;;;
361;2.5;2;Renaud1;;;;;;;;;;;;;;;;;;;;;;;;;;;;;;;;
362;3;2;Renaud1;;;;;;;;;;;;;;;;;;;;;;;;;;;;;;;;
363;3;7;Renaud1;;;;;;;;;;;;;;;;;;;;;;;;;;;;;;;;
364;0;0;Renaud1;;;;;;;;;;;;;;;;;;;;;;;;;;;;;;;;
365;1;1;Renaud1;;;;;;;;;;;;;;;;;;;;;;;;;;;;;;;;
366;3;2;Renaud1;;;;;;;;;;;;;;;;;;;;;;;;;;;;;;;;
367;2;1;Renaud1;;;;;;;;;;;;;;;;;;;;;;;;;;;;;;;;
368;2.5;1;Renaud1;;;;;;;;;;;;;;;;;;;;;;;;;;;;;;;;
369;3;15;Renaud1;;;;;;;;;;;;;;;;;;;;;;;;;;;;;;;;
370;0;0;Renaud1;;;;;;;;;;;;;;;;;;;;;;;;;;;;;;;;
371;3;4;Renaud1;;;;;;;;;;;;;;;;;;;;;;;;;;;;;;;;
372;2;3;Renaud1;;;;;;;;;;;;;;;;;;;;;;;;;;;;;;;;
373;3;3;Renaud1;;;;;;;;;;;;;;;;;;;;;;;;;;;;;;;;
374;2;5;Renaud1;;;;;;;;;;;;;;;;;;;;;;;;;;;;;;;;
375;1;1;Renaud1;;;;;;;;;;;;;;;;;;;;;;;;;;;;;;;;
376;3;1;Renaud1;;;;;;;;;;;;;;;;;;;;;;;;;;;;;;;;
377;2.5;2;Renaud1;;;;;;;;;;;;;;;;;;;;;;;;;;;;;;;;
378;2;1;Renaud1;;;;;;;;;;;;;;;;;;;;;;;;;;;;;;;;
379;2;1;Renaud1;;;;;;;;;;;;;;;;;;;;;;;;;;;;;;;;
380;2;1;Renaud1;;;;;;;;;;;;;;;;;;;;;;;;;;;;;;;;
381;1;1;Renaud1;;;;;;;;;;;;;;;;;;;;;;;;;;;;;;;;
382;0;0;Renaud1;;;;;;;;;;;;;;;;;;;;;;;;;;;;;;;;
383;0;0;Renaud1;;;;;;;;;;;;;;;;;;;;;;;;;;;;;;;;
384;0;0;Renaud1;;;;;;;;;;;;;;;;;;;;;;;;;;;;;;;;
385;0;0;Renaud1;;;;;;;;;;;;;;;;;;;;;;;;;;;;;;;;
386;0;0;Renaud1;;;;;;;;;;;;;;;;;;;;;;;;;;;;;;;;
387;0;0;Renaud1;;;;;;;;;;;;;;;;;;;;;;;;;;;;;;;;
388;0;0;Renaud1;;;;;;;;;;;;;;;;;;;;;;;;;;;;;;;;
389;2.5;1;Renaud1;;;;;;;;;;;;;;;;;;;;;;;;;;;;;;;;
390;2.5;5;Renaud1;;;;;;;;;;;;;;;;;;;;;;;;;;;;;;;;
391;2.5;5;Renaud1;;;;;;;;;;;;;;;;;;;;;;;;;;;;;;;;
392;4.5;40;Renaud1;;;;;;;;;;;;;;;;;;;;;;;;;;;;;;;;
393;0.1;1;Renaud1;;;;;;;;;;;;;;;;;;;;;;;;;;;;;;;;
394;1.5;1;Renaud1;;;;;;;;;;;;;;;;;;;;;;;;;;;;;;;;
395;3.5;5;Renaud1;;;;;;;;;;;;;;;;;;;;;;;;;;;;;;;;
396;2;1;Renaud1;;;;;;;;;;;;;;;;;;;;;;;;;;;;;;;;
397;3;4;Renaud1;;;;;;;;;;;;;;;;;;;;;;;;;;;;;;;;
398;3.5;25;Renaud1;;;;;;;;;;;;;;;;;;;;;;;;;;;;;;;;
399;3;2;Renaud1;;;;;;;;;;;;;;;;;;;;;;;;;;;;;;;;
400;2.5;3;Renaud1;;;;;;;;;;;;;;;;;;;;;;;;;;;;;;;;
401;3;2;Renaud1;;;;;;;;;;;;;;;;;;;;;;;;;;;;;;;;
402;3;4;Renaud1;;;;;;;;;;;;;;;;;;;;;;;;;;;;;;;;
403;2.5;4;Renaud1;;;;;;;;;;;;;;;;;;;;;;;;;;;;;;;;
404;3;2;Renaud1;;;;;;;;;;;;;;;;;;;;;;;;;;;;;;;;
405;4;5;Renaud1;;;;;;;;;;;;;;;;;;;;;;;;;;;;;;;;
406;3;2;Renaud1;;;;;;;;;;;;;;;;;;;;;;;;;;;;;;;;
407;3;5;Renaud1;;;;;;;;;;;;;;;;;;;;;;;;;;;;;;;;
408;0.1;1;Renaud1;;;;;;;;;;;;;;;;;;;;;;;;;;;;;;;;
409;2;1;Renaud1;;;;;;;;;;;;;;;;;;;;;;;;;;;;;;;;
410;3;1;Renaud1;;;;;;;;;;;;;;;;;;;;;;;;;;;;;;;;
411;2;2;Renaud1;;;;;;;;;;;;;;;;;;;;;;;;;;;;;;;;
412;3;1;Renaud1;;;;;;;;;;;;;;;;;;;;;;;;;;;;;;;;
413;3;5;Renaud1;;;;;;;;;;;;;;;;;;;;;;;;;;;;;;;;
414;0.1;1;Renaud1;;;;;;;;;;;;;;;;;;;;;;;;;;;;;;;;
415;3;6;Renaud1;;;;;;;;;;;;;;;;;;;;;;;;;;;;;;;;
416;2.5;2;Renaud1;;;;;;;;;;;;;;;;;;;;;;;;;;;;;;;;
417;3;2;Renaud1;;;;;;;;;;;;;;;;;;;;;;;;;;;;;;;;
418;1.5;1;Renaud1;;;;;;;;;;;;;;;;;;;;;;;;;;;;;;;;
419;1;1;Renaud1;;;;;;;;;;;;;;;;;;;;;;;;;;;;;;;;
420;3;1;Renaud1;;;;;;;;;;;;;;;;;;;;;;;;;;;;;;;;
421;2.5;1;Renaud1;;;;;;;;;;;;;;;;;;;;;;;;;;;;;;;;
422;2;1;Renaud1;;;;;;;;;;;;;;;;;;;;;;;;;;;;;;;;
423;3;1;Renaud1;;;;;;;;;;;;;;;;;;;;;;;;;;;;;;;;
424;2;1;Renaud1;;;;;;;;;;;;;;;;;;;;;;;;;;;;;;;;
425;2;1;Renaud1;;;;;;;;;;;;;;;;;;;;;;;;;;;;;;;;
426;0;0;Renaud1;;;;;;;;;;;;;;;;;;;;;;;;;;;;;;;;
427;0;0;Renaud1;;;;;;;;;;;;;;;;;;;;;;;;;;;;;;;;
428;0;0;Renaud1;;;;;;;;;;;;;;;;;;;;;;;;;;;;;;;;
429;0;0;Renaud1;;;;;;;;;;;;;;;;;;;;;;;;;;;;;;;;
430;0;0;Renaud1;;;;;;;;;;;;;;;;;;;;;;;;;;;;;;;;
431;0;0;Renaud1;;;;;;;;;;;;;;;;;;;;;;;;;;;;;;;;
432;0;0;Renaud1;;;;;;;;;;;;;;;;;;;;;;;;;;;;;;;;
433;3;1;Renaud1;;;;;;;;;;;;;;;;;;;;;;;;;;;;;;;;
434;3;2;Renaud1;;;;;;;;;;;;;;;;;;;;;;;;;;;;;;;;
435;3;2;Renaud1;;;;;;;;;;;;;;;;;;;;;;;;;;;;;;;;
436;2.5;4;Renaud1;;;;;;;;;;;;;;;;;;;;;;;;;;;;;;;;
437;0.1;1;Renaud1;;;;;;;;;;;;;;;;;;;;;;;;;;;;;;;;
438;1.5;1;Renaud1;;;;;;;;;;;;;;;;;;;;;;;;;;;;;;;;
439;3;1;Renaud1;;;;;;;;;;;;;;;;;;;;;;;;;;;;;;;;
440;2.5;1;Renaud1;;;;;;;;;;;;;;;;;;;;;;;;;;;;;;;;
441;3;4;Renaud1;;;;;;;;;;;;;;;;;;;;;;;;;;;;;;;;
442;3;10;Renaud1;;;;;;;;;;;;;;;;;;;;;;;;;;;;;;;;
443;3.5;2;Renaud1;;;;;;;;;;;;;;;;;;;;;;;;;;;;;;;;
444;2;2;Renaud1;;;;;;;;;;;;;;;;;;;;;;;;;;;;;;;;
445;3.5;6;Renaud1;;;;;;;;;;;;;;;;;;;;;;;;;;;;;;;;
446;2;2;Renaud1;;;;;;;;;;;;;;;;;;;;;;;;;;;;;;;;
447;2.5;5;Renaud1;;;;;;;;;;;;;;;;;;;;;;;;;;;;;;;;
448;1.5;1;Renaud1;;;;;;;;;;;;;;;;;;;;;;;;;;;;;;;;
449;3.5;5;Renaud1;;;;;;;;;;;;;;;;;;;;;;;;;;;;;;;;
450;2;1;Renaud1;;;;;;;;;;;;;;;;;;;;;;;;;;;;;;;;
451;2.5;12;Renaud1;;;;;;;;;;;;;;;;;;;;;;;;;;;;;;;;
452;0;0;Renaud1;;;;;;;;;;;;;;;;;;;;;;;;;;;;;;;;
453;1;1;Renaud1;;;;;;;;;;;;;;;;;;;;;;;;;;;;;;;;
454;3;1;Renaud1;;;;;;;;;;;;;;;;;;;;;;;;;;;;;;;;
455;2.5;3;Renaud1;;;;;;;;;;;;;;;;;;;;;;;;;;;;;;;;
456;2.5;1;Renaud1;;;;;;;;;;;;;;;;;;;;;;;;;;;;;;;;
457;2;5;Renaud1;;;;;;;;;;;;;;;;;;;;;;;;;;;;;;;;
458;0.5;1;Renaud1;;;;;;;;;;;;;;;;;;;;;;;;;;;;;;;;
459;2;3;Renaud1;;;;;;;;;;;;;;;;;;;;;;;;;;;;;;;;
460;2.5;3;Renaud1;;;;;;;;;;;;;;;;;;;;;;;;;;;;;;;;
461;3;2;Renaud1;;;;;;;;;;;;;;;;;;;;;;;;;;;;;;;;
462;2.5;1;Renaud1;;;;;;;;;;;;;;;;;;;;;;;;;;;;;;;;
463;2;1;Renaud1;;;;;;;;;;;;;;;;;;;;;;;;;;;;;;;;
464;3;2;Renaud1;;;;;;;;;;;;;;;;;;;;;;;;;;;;;;;;
465;3;1;Renaud1;;;;;;;;;;;;;;;;;;;;;;;;;;;;;;;;
466;2;1;Renaud1;;;;;;;;;;;;;;;;;;;;;;;;;;;;;;;;
467;3.5;2;Renaud1;;;;;;;;;;;;;;;;;;;;;;;;;;;;;;;;
468;2;1;Renaud1;;;;;;;;;;;;;;;;;;;;;;;;;;;;;;;;
469;2;2;Renaud1;;;;;;;;;;;;;;;;;;;;;;;;;;;;;;;;
470;0;0;Renaud1;;;;;;;;;;;;;;;;;;;;;;;;;;;;;;;;
471;0;0;Renaud1;;;;;;;;;;;;;;;;;;;;;;;;;;;;;;;;
472;0;0;Renaud1;;;;;;;;;;;;;;;;;;;;;;;;;;;;;;;;
473;0;0;Renaud1;;;;;;;;;;;;;;;;;;;;;;;;;;;;;;;;
474;0;0;Renaud1;;;;;;;;;;;;;;;;;;;;;;;;;;;;;;;;
475;0;0;Renaud1;;;;;;;;;;;;;;;;;;;;;;;;;;;;;;;;
476;0;0;Renaud1;;;;;;;;;;;;;;;;;;;;;;;;;;;;;;;;
477;3;3;Renaud1;;;;;;;;;;;;;;;;;;;;;;;;;;;;;;;;
478;3;8;Renaud1;;;;;;;;;;;;;;;;;;;;;;;;;;;;;;;;
479;2.5;2;Renaud1;;;;;;;;;;;;;;;;;;;;;;;;;;;;;;;;
480;4;35;Renaud1;;;;;;;;;;;;;;;;;;;;;;;;;;;;;;;;
481;0.1;1;Renaud1;;;;;;;;;;;;;;;;;;;;;;;;;;;;;;;;
482;1.5;1;Renaud1;;;;;;;;;;;;;;;;;;;;;;;;;;;;;;;;
483;4;3;Renaud1;;;;;;;;;;;;;;;;;;;;;;;;;;;;;;;;
484;2;1;Renaud1;;;;;;;;;;;;;;;;;;;;;;;;;;;;;;;;
485;2.5;5;Renaud1;;;;;;;;;;;;;;;;;;;;;;;;;;;;;;;;
486;5;10;Renaud1;;;;;;;;;;;;;;;;;;;;;;;;;;;;;;;;
487;2.5;1;Renaud1;;;;;;;;;;;;;;;;;;;;;;;;;;;;;;;;
488;2;3;Renaud1;;;;;;;;;;;;;;;;;;;;;;;;;;;;;;;;
489;2;2;Renaud1;;;;;;;;;;;;;;;;;;;;;;;;;;;;;;;;
490;2;2;Renaud1;;;;;;;;;;;;;;;;;;;;;;;;;;;;;;;;
491;1.5;2;Renaud1;;;;;;;;;;;;;;;;;;;;;;;;;;;;;;;;
492;2;1;Renaud1;;;;;;;;;;;;;;;;;;;;;;;;;;;;;;;;
493;2;5;Renaud1;;;;;;;;;;;;;;;;;;;;;;;;;;;;;;;;
494;2.5;1;Renaud1;;;;;;;;;;;;;;;;;;;;;;;;;;;;;;;;
495;3.5;15;Renaud1;;;;;;;;;;;;;;;;;;;;;;;;;;;;;;;;
496;0;0;Renaud1;;;;;;;;;;;;;;;;;;;;;;;;;;;;;;;;
497;2;1;Renaud1;;;;;;;;;;;;;;;;;;;;;;;;;;;;;;;;
498;3;2;Renaud1;;;;;;;;;;;;;;;;;;;;;;;;;;;;;;;;
499;2.5;1;Renaud1;;;;;;;;;;;;;;;;;;;;;;;;;;;;;;;;
500;2.5;1;Renaud1;;;;;;;;;;;;;;;;;;;;;;;;;;;;;;;;
501;3;10;Renaud1;;;;;;;;;;;;;;;;;;;;;;;;;;;;;;;;
502;0.1;1;Renaud1;;;;;;;;;;;;;;;;;;;;;;;;;;;;;;;;
503;1;7;Renaud1;;;;;;;;;;;;;;;;;;;;;;;;;;;;;;;;
504;2;2;Renaud1;;;;;;;;;;;;;;;;;;;;;;;;;;;;;;;;
505;3.5;4;Renaud1;;;;;;;;;;;;;;;;;;;;;;;;;;;;;;;;
506;2;1;Renaud1;;;;;;;;;;;;;;;;;;;;;;;;;;;;;;;;
507;1;1;Renaud1;;;;;;;;;;;;;;;;;;;;;;;;;;;;;;;;
508;3;1;Renaud1;;;;;;;;;;;;;;;;;;;;;;;;;;;;;;;;
509;2;1;Renaud1;;;;;;;;;;;;;;;;;;;;;;;;;;;;;;;;
510;3.5;2;Renaud1;;;;;;;;;;;;;;;;;;;;;;;;;;;;;;;;
511;3.5;2;Renaud1;;;;;;;;;;;;;;;;;;;;;;;;;;;;;;;;
512;2;1;Renaud1;;;;;;;;;;;;;;;;;;;;;;;;;;;;;;;;
513;2;2;Renaud1;;;;;;;;;;;;;;;;;;;;;;;;;;;;;;;;
514;0;0;Renaud1;;;;;;;;;;;;;;;;;;;;;;;;;;;;;;;;
515;0;0;Renaud1;;;;;;;;;;;;;;;;;;;;;;;;;;;;;;;;
516;0;0;Renaud1;;;;;;;;;;;;;;;;;;;;;;;;;;;;;;;;
517;0;0;Renaud1;;;;;;;;;;;;;;;;;;;;;;;;;;;;;;;;
518;0;0;Renaud1;;;;;;;;;;;;;;;;;;;;;;;;;;;;;;;;
519;0;0;Renaud1;;;;;;;;;;;;;;;;;;;;;;;;;;;;;;;;
520;0;0;Renaud1;;;;;;;;;;;;;;;;;;;;;;;;;;;;;;;;
521;1.5;1;Renaud1;;;;;;;;;;;;;;;;;;;;;;;;;;;;;;;;
522;3.5;4;Renaud1;;;;;;;;;;;;;;;;;;;;;;;;;;;;;;;;
523;3;3;Renaud1;;;;;;;;;;;;;;;;;;;;;;;;;;;;;;;;
524;2.5;7;Renaud1;;;;;;;;;;;;;;;;;;;;;;;;;;;;;;;;
525;0;0;Renaud1;;;;;;;;;;;;;;;;;;;;;;;;;;;;;;;;
526;0.5;1;Renaud1;;;;;;;;;;;;;;;;;;;;;;;;;;;;;;;;
527;3.5;2;Renaud1;;;;;;;;;;;;;;;;;;;;;;;;;;;;;;;;
528;3;4;Renaud1;;;;;;;;;;;;;;;;;;;;;;;;;;;;;;;;
529;3;1;Renaud1;;;;;;;;;;;;;;;;;;;;;;;;;;;;;;;;
530;2.5;25;Renaud1;;;;;;;;;;;;;;;;;;;;;;;;;;;;;;;;
531;2;1;Renaud1;;;;;;;;;;;;;;;;;;;;;;;;;;;;;;;;
532;2;4;Renaud1;;;;;;;;;;;;;;;;;;;;;;;;;;;;;;;;
533;2;3;Renaud1;;;;;;;;;;;;;;;;;;;;;;;;;;;;;;;;
534;2;2;Renaud1;;;;;;;;;;;;;;;;;;;;;;;;;;;;;;;;
535;2;2;Renaud1;;;;;;;;;;;;;;;;;;;;;;;;;;;;;;;;
536;2.5;3;Renaud1;;;;;;;;;;;;;;;;;;;;;;;;;;;;;;;;
537;2;3;Renaud1;;;;;;;;;;;;;;;;;;;;;;;;;;;;;;;;
538;3.5;2;Renaud1;;;;;;;;;;;;;;;;;;;;;;;;;;;;;;;;
539;4;20;Renaud1;;;;;;;;;;;;;;;;;;;;;;;;;;;;;;;;
540;0;0;Renaud1;;;;;;;;;;;;;;;;;;;;;;;;;;;;;;;;
541;0;0;Renaud1;;;;;;;;;;;;;;;;;;;;;;;;;;;;;;;;
542;2.5;2;Renaud1;;;;;;;;;;;;;;;;;;;;;;;;;;;;;;;;
543;2;2;Renaud1;;;;;;;;;;;;;;;;;;;;;;;;;;;;;;;;
544;2;1;Renaud1;;;;;;;;;;;;;;;;;;;;;;;;;;;;;;;;
545;3.5;10;Renaud1;;;;;;;;;;;;;;;;;;;;;;;;;;;;;;;;
546;0.1;1;Renaud1;;;;;;;;;;;;;;;;;;;;;;;;;;;;;;;;
547;3;5;Renaud1;;;;;;;;;;;;;;;;;;;;;;;;;;;;;;;;
548;2.5;3;Renaud1;;;;;;;;;;;;;;;;;;;;;;;;;;;;;;;;
549;4;3;Renaud1;;;;;;;;;;;;;;;;;;;;;;;;;;;;;;;;
550;2;2;Renaud1;;;;;;;;;;;;;;;;;;;;;;;;;;;;;;;;
551;1;1;Renaud1;;;;;;;;;;;;;;;;;;;;;;;;;;;;;;;;
552;4;3;Renaud1;;;;;;;;;;;;;;;;;;;;;;;;;;;;;;;;
553;2;1;Renaud1;;;;;;;;;;;;;;;;;;;;;;;;;;;;;;;;
554;1.5;1;Renaud1;;;;;;;;;;;;;;;;;;;;;;;;;;;;;;;;
555;2.5;1;Renaud1;;;;;;;;;;;;;;;;;;;;;;;;;;;;;;;;
556;2;1;Renaud1;;;;;;;;;;;;;;;;;;;;;;;;;;;;;;;;
557;2;1;Renaud1;;;;;;;;;;;;;;;;;;;;;;;;;;;;;;;;
558;0;0;Renaud1;;;;;;;;;;;;;;;;;;;;;;;;;;;;;;;;
559;0;0;Renaud1;;;;;;;;;;;;;;;;;;;;;;;;;;;;;;;;
560;0;0;Renaud1;;;;;;;;;;;;;;;;;;;;;;;;;;;;;;;;
561;0;0;Renaud1;;;;;;;;;;;;;;;;;;;;;;;;;;;;;;;;
562;0;0;Renaud1;;;;;;;;;;;;;;;;;;;;;;;;;;;;;;;;
563;0;0;Renaud1;;;;;;;;;;;;;;;;;;;;;;;;;;;;;;;;
564;0;0;Renaud1;;;;;;;;;;;;;;;;;;;;;;;;;;;;;;;;
565;3;4;Renaud1;;;;;;;;;;;;;;;;;;;;;;;;;;;;;;;;
566;2;3;Renaud1;;;;;;;;;;;;;;;;;;;;;;;;;;;;;;;;
567;3;1;Renaud1;;;;;;;;;;;;;;;;;;;;;;;;;;;;;;;;
568;3.5;30;Renaud1;;;;;;;;;;;;;;;;;;;;;;;;;;;;;;;;
569;0;0;Renaud1;;;;;;;;;;;;;;;;;;;;;;;;;;;;;;;;
570;2;1;Renaud1;;;;;;;;;;;;;;;;;;;;;;;;;;;;;;;;
571;0.5;0.5;Renaud1;;;;;;;;;;;;;;;;;;;;;;;;;;;;;;;;
572;2;4;Renaud1;;;;;;;;;;;;;;;;;;;;;;;;;;;;;;;;
573;1;1;Renaud1;;;;;;;;;;;;;;;;;;;;;;;;;;;;;;;;
574;3.5;15;Renaud1;;;;;;;;;;;;;;;;;;;;;;;;;;;;;;;;
575;2;1;Renaud1;;;;;;;;;;;;;;;;;;;;;;;;;;;;;;;;
576;4;3;Renaud1;;;;;;;;;;;;;;;;;;;;;;;;;;;;;;;;
577;1.5;2;Renaud1;;;;;;;;;;;;;;;;;;;;;;;;;;;;;;;;
578;2;2;Renaud1;;;;;;;;;;;;;;;;;;;;;;;;;;;;;;;;
579;2.5;2;Renaud1;;;;;;;;;;;;;;;;;;;;;;;;;;;;;;;;
580;3.5;2;Renaud1;;;;;;;;;;;;;;;;;;;;;;;;;;;;;;;;
581;2.5;2;Renaud1;;;;;;;;;;;;;;;;;;;;;;;;;;;;;;;;
582;3.5;1;Renaud1;;;;;;;;;;;;;;;;;;;;;;;;;;;;;;;;
583;1.5;10;Renaud1;;;;;;;;;;;;;;;;;;;;;;;;;;;;;;;;
584;0;0;Renaud1;;;;;;;;;;;;;;;;;;;;;;;;;;;;;;;;
585;1;1;Renaud1;;;;;;;;;;;;;;;;;;;;;;;;;;;;;;;;
586;0;0;Renaud1;;;;;;;;;;;;;;;;;;;;;;;;;;;;;;;;
587;2;2;Renaud1;;;;;;;;;;;;;;;;;;;;;;;;;;;;;;;;
588;1.5;1;Renaud1;;;;;;;;;;;;;;;;;;;;;;;;;;;;;;;;
589;3;30;Renaud1;;;;;;;;;;;;;;;;;;;;;;;;;;;;;;;;
590;0;0;Renaud1;;;;;;;;;;;;;;;;;;;;;;;;;;;;;;;;
591;3;3;Renaud1;;;;;;;;;;;;;;;;;;;;;;;;;;;;;;;;
592;4;3;Renaud1;;;;;;;;;;;;;;;;;;;;;;;;;;;;;;;;
593;3;2;Renaud1;;;;;;;;;;;;;;;;;;;;;;;;;;;;;;;;
594;2.5;3;Renaud1;;;;;;;;;;;;;;;;;;;;;;;;;;;;;;;;
595;1.5;1;Renaud1;;;;;;;;;;;;;;;;;;;;;;;;;;;;;;;;
596;3;1;Renaud1;;;;;;;;;;;;;;;;;;;;;;;;;;;;;;;;
597;2.5;3;Renaud1;;;;;;;;;;;;;;;;;;;;;;;;;;;;;;;;
598;2;2;Renaud1;;;;;;;;;;;;;;;;;;;;;;;;;;;;;;;;
599;2.5;2;Renaud1;;;;;;;;;;;;;;;;;;;;;;;;;;;;;;;;
600;2;1;Renaud1;;;;;;;;;;;;;;;;;;;;;;;;;;;;;;;;
601;2;1;Renaud1;;;;;;;;;;;;;;;;;;;;;;;;;;;;;;;;
602;0;0;Renaud1;;;;;;;;;;;;;;;;;;;;;;;;;;;;;;;;
603;0;0;Renaud1;;;;;;;;;;;;;;;;;;;;;;;;;;;;;;;;
604;0;0;Renaud1;;;;;;;;;;;;;;;;;;;;;;;;;;;;;;;;
605;0;0;Renaud1;;;;;;;;;;;;;;;;;;;;;;;;;;;;;;;;
606;0;0;Renaud1;;;;;;;;;;;;;;;;;;;;;;;;;;;;;;;;
607;0;0;Renaud1;;;;;;;;;;;;;;;;;;;;;;;;;;;;;;;;
608;0;0;Renaud1;;;;;;;;;;;;;;;;;;;;;;;;;;;;;;;;
609;3;1;Renaud1;;;;;;;;;;;;;;;;;;;;;;;;;;;;;;;;
610;3;5;Renaud1;;;;;;;;;;;;;;;;;;;;;;;;;;;;;;;;
611;3;2;Renaud1;;;;;;;;;;;;;;;;;;;;;;;;;;;;;;;;
612;3;20;Renaud1;;;;;;;;;;;;;;;;;;;;;;;;;;;;;;;;
613;0.1;1;Renaud1;;;;;;;;;;;;;;;;;;;;;;;;;;;;;;;;
614;0;0;Renaud1;;;;;;;;;;;;;;;;;;;;;;;;;;;;;;;;
615;3;1;Renaud1;;;;;;;;;;;;;;;;;;;;;;;;;;;;;;;;
616;2;1;Renaud1;;;;;;;;;;;;;;;;;;;;;;;;;;;;;;;;
617;3;3;Renaud1;;;;;;;;;;;;;;;;;;;;;;;;;;;;;;;;
618;3;7;Renaud1;;;;;;;;;;;;;;;;;;;;;;;;;;;;;;;;
619;3;3;Renaud1;;;;;;;;;;;;;;;;;;;;;;;;;;;;;;;;
620;1.5;40;Renaud1;;;;;;;;;;;;;;;;;;;;;;;;;;;;;;;;
621;0.1;1;Renaud1;;;;;;;;;;;;;;;;;;;;;;;;;;;;;;;;
622;1;1;Renaud1;;;;;;;;;;;;;;;;;;;;;;;;;;;;;;;;
623;3.5;3;Renaud1;;;;;;;;;;;;;;;;;;;;;;;;;;;;;;;;
624;2.5;2;Renaud1;;;;;;;;;;;;;;;;;;;;;;;;;;;;;;;;
625;2;1;Renaud1;;;;;;;;;;;;;;;;;;;;;;;;;;;;;;;;
626;2;2;Renaud1;;;;;;;;;;;;;;;;;;;;;;;;;;;;;;;;
627;1.5;1;Renaud1;;;;;;;;;;;;;;;;;;;;;;;;;;;;;;;;
628;2;2;Renaud1;;;;;;;;;;;;;;;;;;;;;;;;;;;;;;;;
629;0;0;Renaud1;;;;;;;;;;;;;;;;;;;;;;;;;;;;;;;;
630;0;0;Renaud1;;;;;;;;;;;;;;;;;;;;;;;;;;;;;;;;
631;5.5;1;Renaud1;;;;;;;;;;;;;;;;;;;;;;;;;;;;;;;;
632;1.5;1;Renaud1;;;;;;;;;;;;;;;;;;;;;;;;;;;;;;;;
633;3;2;Renaud1;;;;;;;;;;;;;;;;;;;;;;;;;;;;;;;;
634;2.5;5;Renaud1;;;;;;;;;;;;;;;;;;;;;;;;;;;;;;;;
635;3.5;3;Renaud1;;;;;;;;;;;;;;;;;;;;;;;;;;;;;;;;
636;3;8;Renaud1;;;;;;;;;;;;;;;;;;;;;;;;;;;;;;;;
637;0.1;1;Renaud1;;;;;;;;;;;;;;;;;;;;;;;;;;;;;;;;
638;2;1;Renaud1;;;;;;;;;;;;;;;;;;;;;;;;;;;;;;;;
639;3;7;Renaud1;;;;;;;;;;;;;;;;;;;;;;;;;;;;;;;;
640;2.5;1;Renaud1;;;;;;;;;;;;;;;;;;;;;;;;;;;;;;;;
641;3;1;Renaud1;;;;;;;;;;;;;;;;;;;;;;;;;;;;;;;;
642;2.5;3;Renaud1;;;;;;;;;;;;;;;;;;;;;;;;;;;;;;;;
643;3.5;3;Renaud1;;;;;;;;;;;;;;;;;;;;;;;;;;;;;;;;
644;3;25;Renaud1;;;;;;;;;;;;;;;;;;;;;;;;;;;;;;;;
645;0.1;1;Renaud1;;;;;;;;;;;;;;;;;;;;;;;;;;;;;;;;
646;1.5;1;Renaud1;;;;;;;;;;;;;;;;;;;;;;;;;;;;;;;;
647;3.5;1;Renaud1;;;;;;;;;;;;;;;;;;;;;;;;;;;;;;;;
648;2;2;Renaud1;;;;;;;;;;;;;;;;;;;;;;;;;;;;;;;;
649;3.5;2;Renaud1;;;;;;;;;;;;;;;;;;;;;;;;;;;;;;;;
650;2;3;Renaud1;;;;;;;;;;;;;;;;;;;;;;;;;;;;;;;;
651;4;4;Renaud1;;;;;;;;;;;;;;;;;;;;;;;;;;;;;;;;
652;4;20;Renaud1;;;;;;;;;;;;;;;;;;;;;;;;;;;;;;;;
653;0.1;1;Renaud1;;;;;;;;;;;;;;;;;;;;;;;;;;;;;;;;
654;2;1;Renaud1;;;;;;;;;;;;;;;;;;;;;;;;;;;;;;;;
655;2;1;Renaud1;;;;;;;;;;;;;;;;;;;;;;;;;;;;;;;;
656;2.5;5;Renaud1;;;;;;;;;;;;;;;;;;;;;;;;;;;;;;;;
657;3;3;Renaud1;;;;;;;;;;;;;;;;;;;;;;;;;;;;;;;;
658;2.5;6;Renaud1;;;;;;;;;;;;;;;;;;;;;;;;;;;;;;;;
659;2;3;Renaud1;;;;;;;;;;;;;;;;;;;;;;;;;;;;;;;;
660;3.5;35;Renaud1;;;;;;;;;;;;;;;;;;;;;;;;;;;;;;;;
661;0.1;2;Renaud1;;;;;;;;;;;;;;;;;;;;;;;;;;;;;;;;
662;2;1;Renaud1;;;;;;;;;;;;;;;;;;;;;;;;;;;;;;;;
663;4.5;10;Renaud1;;;;;;;;;;;;;;;;;;;;;;;;;;;;;;;;
664;2.5;3;Renaud1;;;;;;;;;;;;;;;;;;;;;;;;;;;;;;;;
665;2;1;Renaud1;;;;;;;;;;;;;;;;;;;;;;;;;;;;;;;;
666;4;1;Renaud1;;;;;;;;;;;;;;;;;;;;;;;;;;;;;;;;
667;1.5;1;Renaud1;;;;;;;;;;;;;;;;;;;;;;;;;;;;;;;;
668;3;5;Renaud1;;;;;;;;;;;;;;;;;;;;;;;;;;;;;;;;
669;0;0;Renaud1;;;;;;;;;;;;;;;;;;;;;;;;;;;;;;;;
670;0;0;Renaud1;;;;;;;;;;;;;;;;;;;;;;;;;;;;;;;;
671;5;2;Renaud1;;;;;;;;;;;;;;;;;;;;;;;;;;;;;;;;
672;2.5;1;Renaud1;;;;;;;;;;;;;;;;;;;;;;;;;;;;;;;;
673;4;3;Renaud1;;;;;;;;;;;;;;;;;;;;;;;;;;;;;;;;
674;2;5;Renaud1;;;;;;;;;;;;;;;;;;;;;;;;;;;;;;;;
675;3;4;Renaud1;;;;;;;;;;;;;;;;;;;;;;;;;;;;;;;;
676;2.5;10;Renaud1;;;;;;;;;;;;;;;;;;;;;;;;;;;;;;;;
677;0.1;1;Renaud1;;;;;;;;;;;;;;;;;;;;;;;;;;;;;;;;
678;2;1;Renaud1;;;;;;;;;;;;;;;;;;;;;;;;;;;;;;;;
679;4;2;Renaud1;;;;;;;;;;;;;;;;;;;;;;;;;;;;;;;;
680;2;1;Renaud1;;;;;;;;;;;;;;;;;;;;;;;;;;;;;;;;
681;2;1;Renaud1;;;;;;;;;;;;;;;;;;;;;;;;;;;;;;;;
682;3.5;4;Renaud1;;;;;;;;;;;;;;;;;;;;;;;;;;;;;;;;
683;3.5;2;Renaud1;;;;;;;;;;;;;;;;;;;;;;;;;;;;;;;;
684;3;17;Renaud1;;;;;;;;;;;;;;;;;;;;;;;;;;;;;;;;
685;0;0;Renaud1;;;;;;;;;;;;;;;;;;;;;;;;;;;;;;;;
686;1;1;Renaud1;;;;;;;;;;;;;;;;;;;;;;;;;;;;;;;;
687;4;3;Renaud1;;;;;;;;;;;;;;;;;;;;;;;;;;;;;;;;
688;1.5;1;Renaud1;;;;;;;;;;;;;;;;;;;;;;;;;;;;;;;;
689;2;1;Renaud1;;;;;;;;;;;;;;;;;;;;;;;;;;;;;;;;
690;2;5;Renaud1;;;;;;;;;;;;;;;;;;;;;;;;;;;;;;;;
691;3.5;5;Renaud1;;;;;;;;;;;;;;;;;;;;;;;;;;;;;;;;
692;4;35;Renaud1;;;;;;;;;;;;;;;;;;;;;;;;;;;;;;;;
693;0.1;1;Renaud1;;;;;;;;;;;;;;;;;;;;;;;;;;;;;;;;
694;1.5;1;Renaud1;;;;;;;;;;;;;;;;;;;;;;;;;;;;;;;;
695;3;2;Renaud1;;;;;;;;;;;;;;;;;;;;;;;;;;;;;;;;
696;3.5;4;Renaud1;;;;;;;;;;;;;;;;;;;;;;;;;;;;;;;;
697;3;3;Renaud1;;;;;;;;;;;;;;;;;;;;;;;;;;;;;;;;
698;2.5;4;Renaud1;;;;;;;;;;;;;;;;;;;;;;;;;;;;;;;;
699;3;4;Renaud1;;;;;;;;;;;;;;;;;;;;;;;;;;;;;;;;
700;2.5;35;Renaud1;;;;;;;;;;;;;;;;;;;;;;;;;;;;;;;;
701;0.1;2;Renaud1;;;;;;;;;;;;;;;;;;;;;;;;;;;;;;;;
702;1;1;Renaud1;;;;;;;;;;;;;;;;;;;;;;;;;;;;;;;;
703;2.5;8;Renaud1;;;;;;;;;;;;;;;;;;;;;;;;;;;;;;;;
704;3;2;Renaud1;;;;;;;;;;;;;;;;;;;;;;;;;;;;;;;;
705;3.5;2;Renaud1;;;;;;;;;;;;;;;;;;;;;;;;;;;;;;;;
706;2.5;2;Renaud1;;;;;;;;;;;;;;;;;;;;;;;;;;;;;;;;
707;0;0;Renaud1;;;;;;;;;;;;;;;;;;;;;;;;;;;;;;;;
708;3;5;Renaud1;;;;;;;;;;;;;;;;;;;;;;;;;;;;;;;;
709;0;0;Renaud1;;;;;;;;;;;;;;;;;;;;;;;;;;;;;;;;
710;0;0;Renaud1;;;;;;;;;;;;;;;;;;;;;;;;;;;;;;;;
711;0;0;Renaud1;;;;;;;;;;;;;;;;;;;;;;;;;;;;;;;;
712;1.5;1;Renaud1;;;;;;;;;;;;;;;;;;;;;;;;;;;;;;;;
713;3.5;2;Renaud1;;;;;;;;;;;;;;;;;;;;;;;;;;;;;;;;
714;3;5;Renaud1;;;;;;;;;;;;;;;;;;;;;;;;;;;;;;;;
715;3.5;2;Renaud1;;;;;;;;;;;;;;;;;;;;;;;;;;;;;;;;
716;3;2;Renaud1;;;;;;;;;;;;;;;;;;;;;;;;;;;;;;;;
717;0.1;2;Renaud1;;;;;;;;;;;;;;;;;;;;;;;;;;;;;;;;
718;1;1;Renaud1;;;;;;;;;;;;;;;;;;;;;;;;;;;;;;;;
719;3.5;2;Renaud1;;;;;;;;;;;;;;;;;;;;;;;;;;;;;;;;
720;2;1;Renaud1;;;;;;;;;;;;;;;;;;;;;;;;;;;;;;;;
721;2;2;Renaud1;;;;;;;;;;;;;;;;;;;;;;;;;;;;;;;;
722;2;2;Renaud1;;;;;;;;;;;;;;;;;;;;;;;;;;;;;;;;
723;3;2;Renaud1;;;;;;;;;;;;;;;;;;;;;;;;;;;;;;;;
724;2.5;30;Renaud1;;;;;;;;;;;;;;;;;;;;;;;;;;;;;;;;
725;0.1;1;Renaud1;;;;;;;;;;;;;;;;;;;;;;;;;;;;;;;;
726;1.5;1;Renaud1;;;;;;;;;;;;;;;;;;;;;;;;;;;;;;;;
727;4.5;3;Renaud1;;;;;;;;;;;;;;;;;;;;;;;;;;;;;;;;
728;3;3;Renaud1;;;;;;;;;;;;;;;;;;;;;;;;;;;;;;;;
729;4;2;Renaud1;;;;;;;;;;;;;;;;;;;;;;;;;;;;;;;;
730;3.5;5;Renaud1;;;;;;;;;;;;;;;;;;;;;;;;;;;;;;;;
731;2;4;Renaud1;;;;;;;;;;;;;;;;;;;;;;;;;;;;;;;;
732;3.5;15;Renaud1;;;;;;;;;;;;;;;;;;;;;;;;;;;;;;;;
733;0.1;1;Renaud1;;;;;;;;;;;;;;;;;;;;;;;;;;;;;;;;
734;1;1;Renaud1;;;;;;;;;;;;;;;;;;;;;;;;;;;;;;;;
735;4;3;Renaud1;;;;;;;;;;;;;;;;;;;;;;;;;;;;;;;;
736;3;7;Renaud1;;;;;;;;;;;;;;;;;;;;;;;;;;;;;;;;
405;3;5;Lola1;;;;;;;;;;;;;;;;;;;;;;;;;;;;;;;;
8;4.5;7;Lola1;;;;;;;;;;;;;;;;;;;;;;;;;;;;;;;;
9;2.5;7;Lola1;;;;;;;;;;;;;;;;;;;;;;;;;;;;;;;;
14;3.5;7;Lola1;;;;;;;;;;;;;;;;;;;;;;;;;;;;;;;;
16;3.5;10;Lola1;;;;;;;;;;;;;;;;;;;;;;;;;;;;;;;;
18;0.1;1;Lola1;;;;;;;;;;;;;;;;;;;;;;;;;;;;;;;;
31;0;0;Lola1;;;;;;;;;;;;;;;;;;;;;;;;;;;;;;;;
33;0;0;Lola1;;;;;;;;;;;;;;;;;;;;;;;;;;;;;;;;
38;3.5;30;Lola1;;;;;;;;;;;;;;;;;;;;;;;;;;;;;;;;
39;3.5;12;Lola1;;;;;;;;;;;;;;;;;;;;;;;;;;;;;;;;
58;2.5;5;Lola1;;;;;;;;;;;;;;;;;;;;;;;;;;;;;;;;
75;0;0;Lola1;;;;;;;;;;;;;;;;;;;;;;;;;;;;;;;;
77;0;0;Lola1;;;;;;;;;;;;;;;;;;;;;;;;;;;;;;;;
81;3;12;Lola1;;;;;;;;;;;;;;;;;;;;;;;;;;;;;;;;
82;3;20;Lola1;;;;;;;;;;;;;;;;;;;;;;;;;;;;;;;;
83;3.5;10;Lola1;;;;;;;;;;;;;;;;;;;;;;;;;;;;;;;;
87;4.5;25;Lola1;;;;;;;;;;;;;;;;;;;;;;;;;;;;;;;;
99;2.5;15;Lola1;;;;;;;;;;;;;;;;;;;;;;;;;;;;;;;;
104;2.5;6;Lola1;;;;;;;;;;;;;;;;;;;;;;;;;;;;;;;;
106;0.1;1;Lola1;;;;;;;;;;;;;;;;;;;;;;;;;;;;;;;;
121;0;0;Lola1;;;;;;;;;;;;;;;;;;;;;;;;;;;;;;;;
126;2.5;10;Lola1;;;;;;;;;;;;;;;;;;;;;;;;;;;;;;;;
127;3.5;10;Lola1;;;;;;;;;;;;;;;;;;;;;;;;;;;;;;;;
141;3;7;Lola1;;;;;;;;;;;;;;;;;;;;;;;;;;;;;;;;
143;3.5;10;Lola1;;;;;;;;;;;;;;;;;;;;;;;;;;;;;;;;
145;0.5;2;Lola1;;;;;;;;;;;;;;;;;;;;;;;;;;;;;;;;
146;3.5;6;Lola1;;;;;;;;;;;;;;;;;;;;;;;;;;;;;;;;
148;2.5;7;Lola1;;;;;;;;;;;;;;;;;;;;;;;;;;;;;;;;
150;0.1;1;Lola1;;;;;;;;;;;;;;;;;;;;;;;;;;;;;;;;
160;2.5;7;Lola1;;;;;;;;;;;;;;;;;;;;;;;;;;;;;;;;
165;0;0;Lola1;;;;;;;;;;;;;;;;;;;;;;;;;;;;;;;;
171;2.5;10;Lola1;;;;;;;;;;;;;;;;;;;;;;;;;;;;;;;;
184;2;3;Lola1;;;;;;;;;;;;;;;;;;;;;;;;;;;;;;;;
185;2.5;7;Lola1;;;;;;;;;;;;;;;;;;;;;;;;;;;;;;;;
189;2;7;Lola1;;;;;;;;;;;;;;;;;;;;;;;;;;;;;;;;
191;1.5;5;Lola1;;;;;;;;;;;;;;;;;;;;;;;;;;;;;;;;
192;3;10;Lola1;;;;;;;;;;;;;;;;;;;;;;;;;;;;;;;;
194;0.1;1;Lola1;;;;;;;;;;;;;;;;;;;;;;;;;;;;;;;;
204;2;5;Lola1;;;;;;;;;;;;;;;;;;;;;;;;;;;;;;;;
207;0;0;Lola1;;;;;;;;;;;;;;;;;;;;;;;;;;;;;;;;
209;0;0;Lola1;;;;;;;;;;;;;;;;;;;;;;;;;;;;;;;;
215;3;15;Lola1;;;;;;;;;;;;;;;;;;;;;;;;;;;;;;;;
218;1.5;15;Lola1;;;;;;;;;;;;;;;;;;;;;;;;;;;;;;;;
251;0;0;Lola1;;;;;;;;;;;;;;;;;;;;;;;;;;;;;;;;
252;0;0;Lola1;;;;;;;;;;;;;;;;;;;;;;;;;;;;;;;;
253;0;0;Lola1;;;;;;;;;;;;;;;;;;;;;;;;;;;;;;;;
256;0;0;Lola1;;;;;;;;;;;;;;;;;;;;;;;;;;;;;;;;
257;2.5;10;Lola1;;;;;;;;;;;;;;;;;;;;;;;;;;;;;;;;
259;3.5;20;Lola1;;;;;;;;;;;;;;;;;;;;;;;;;;;;;;;;
280;3.5;7;Lola1;;;;;;;;;;;;;;;;;;;;;;;;;;;;;;;;
292;2.5;5;Lola1;;;;;;;;;;;;;;;;;;;;;;;;;;;;;;;;
295;0;0;Lola1;;;;;;;;;;;;;;;;;;;;;;;;;;;;;;;;
297;0;0;Lola1;;;;;;;;;;;;;;;;;;;;;;;;;;;;;;;;
301;3.5;15;Lola1;;;;;;;;;;;;;;;;;;;;;;;;;;;;;;;;
302;2;7;Lola1;;;;;;;;;;;;;;;;;;;;;;;;;;;;;;;;
303;3;7;Lola1;;;;;;;;;;;;;;;;;;;;;;;;;;;;;;;;
321;1;1;Lola1;;;;;;;;;;;;;;;;;;;;;;;;;;;;;;;;
322;2;2;Lola1;;;;;;;;;;;;;;;;;;;;;;;;;;;;;;;;
323;2;5;Lola1;;;;;;;;;;;;;;;;;;;;;;;;;;;;;;;;
329;2;4;Lola1;;;;;;;;;;;;;;;;;;;;;;;;;;;;;;;;
365;1.5;1;Lola1;;;;;;;;;;;;;;;;;;;;;;;;;;;;;;;;
372;2;4;Lola1;;;;;;;;;;;;;;;;;;;;;;;;;;;;;;;;
373;2.5;5;Lola1;;;;;;;;;;;;;;;;;;;;;;;;;;;;;;;;
389;2;3;Lola1;;;;;;;;;;;;;;;;;;;;;;;;;;;;;;;;
409;0.5;1;Lola1;;;;;;;;;;;;;;;;;;;;;;;;;;;;;;;;
410;3;1;Lola1;;;;;;;;;;;;;;;;;;;;;;;;;;;;;;;;
414;0;0;Lola1;;;;;;;;;;;;;;;;;;;;;;;;;;;;;;;;
416;1;1;Lola1;;;;;;;;;;;;;;;;;;;;;;;;;;;;;;;;
422;2.5;2;Lola1;;;;;;;;;;;;;;;;;;;;;;;;;;;;;;;;
433;2.5;2;Lola1;;;;;;;;;;;;;;;;;;;;;;;;;;;;;;;;
450;2.5;3;Lola1;;;;;;;;;;;;;;;;;;;;;;;;;;;;;;;;
453;0.5;1;Lola1;;;;;;;;;;;;;;;;;;;;;;;;;;;;;;;;
454;3;1;Lola1;;;;;;;;;;;;;;;;;;;;;;;;;;;;;;;;
466;1.5;2;Lola1;;;;;;;;;;;;;;;;;;;;;;;;;;;;;;;;
502;0.1;1;Lola1;;;;;;;;;;;;;;;;;;;;;;;;;;;;;;;;
508;2.5;1;Lola1;;;;;;;;;;;;;;;;;;;;;;;;;;;;;;;;
521;1.5;1;Lola1;;;;;;;;;;;;;;;;;;;;;;;;;;;;;;;;
524;2.5;10;Lola1;;;;;;;;;;;;;;;;;;;;;;;;;;;;;;;;
541;0;0;Lola1;;;;;;;;;;;;;;;;;;;;;;;;;;;;;;;;
585;0.5;1;Lola1;;;;;;;;;;;;;;;;;;;;;;;;;;;;;;;;
590;0;0;Lola1;;;;;;;;;;;;;;;;;;;;;;;;;;;;;;;;
592;2;3;Lola1;;;;;;;;;;;;;;;;;;;;;;;;;;;;;;;;
596;2;2;Lola1;;;;;;;;;;;;;;;;;;;;;;;;;;;;;;;;
600;1.5;2;Lola1;;;;;;;;;;;;;;;;;;;;;;;;;;;;;;;;
616;2.5;5;Lola1;;;;;;;;;;;;;;;;;;;;;;;;;;;;;;;;
619;2.5;7;Lola1;;;;;;;;;;;;;;;;;;;;;;;;;;;;;;;;
620;2.5;35;Lola1;;;;;;;;;;;;;;;;;;;;;;;;;;;;;;;;
621;0.1;1;Lola1;;;;;;;;;;;;;;;;;;;;;;;;;;;;;;;;
624;2;6;Lola1;;;;;;;;;;;;;;;;;;;;;;;;;;;;;;;;
627;0.5;1;Lola1;;;;;;;;;;;;;;;;;;;;;;;;;;;;;;;;
630;0;0;Lola1;;;;;;;;;;;;;;;;;;;;;;;;;;;;;;;;
645;0.1;1;Lola1;;;;;;;;;;;;;;;;;;;;;;;;;;;;;;;;
659;2.5;7;Lola1;;;;;;;;;;;;;;;;;;;;;;;;;;;;;;;;
660;2.5;25;Lola1;;;;;;;;;;;;;;;;;;;;;;;;;;;;;;;;
661;0.1;2;Lola1;;;;;;;;;;;;;;;;;;;;;;;;;;;;;;;;
663;3.5;5;Lola1;;;;;;;;;;;;;;;;;;;;;;;;;;;;;;;;
664;1.5;5;Lola1;;;;;;;;;;;;;;;;;;;;;;;;;;;;;;;;
667;1;1;Lola1;;;;;;;;;;;;;;;;;;;;;;;;;;;;;;;;
685;0.1;1;Lola1;;;;;;;;;;;;;;;;;;;;;;;;;;;;;;;;
699;3;10;Lola1;;;;;;;;;;;;;;;;;;;;;;;;;;;;;;;;
700;2.5;20;Lola1;;;;;;;;;;;;;;;;;;;;;;;;;;;;;;;;
701;0.1;1;Lola1;;;;;;;;;;;;;;;;;;;;;;;;;;;;;;;;
703;3;5;Lola1;;;;;;;;;;;;;;;;;;;;;;;;;;;;;;;;
704;2;7;Lola1;;;;;;;;;;;;;;;;;;;;;;;;;;;;;;;;
710;0;0;Lola1;;;;;;;;;;;;;;;;;;;;;;;;;;;;;;;;
405;3;3;Renaud2;;;;;;;;;;;;;;;;;;;;;;;;;;;;;;;;
8;3.5;10;Renaud2;;;;;;;;;;;;;;;;;;;;;;;;;;;;;;;;
9;2;3;Renaud2;;;;;;;;;;;;;;;;;;;;;;;;;;;;;;;;
14;3;10;Renaud2;;;;;;;;;;;;;;;;;;;;;;;;;;;;;;;;
16;4;4;Renaud2;;;;;;;;;;;;;;;;;;;;;;;;;;;;;;;;
18;0.1;1;Renaud2;;;;;;;;;;;;;;;;;;;;;;;;;;;;;;;;
31;0;0;Renaud2;;;;;;;;;;;;;;;;;;;;;;;;;;;;;;;;
33;0;0;Renaud2;;;;;;;;;;;;;;;;;;;;;;;;;;;;;;;;
38;3;20;Renaud2;;;;;;;;;;;;;;;;;;;;;;;;;;;;;;;;
39;3.5;10;Renaud2;;;;;;;;;;;;;;;;;;;;;;;;;;;;;;;;
58;3;3;Renaud2;;;;;;;;;;;;;;;;;;;;;;;;;;;;;;;;
75;0;0;Renaud2;;;;;;;;;;;;;;;;;;;;;;;;;;;;;;;;
77;0;0;Renaud2;;;;;;;;;;;;;;;;;;;;;;;;;;;;;;;;
81;4.5;10;Renaud2;;;;;;;;;;;;;;;;;;;;;;;;;;;;;;;;
82;4;20;Renaud2;;;;;;;;;;;;;;;;;;;;;;;;;;;;;;;;
83;3;7;Renaud2;;;;;;;;;;;;;;;;;;;;;;;;;;;;;;;;
87;4.5;20;Renaud2;;;;;;;;;;;;;;;;;;;;;;;;;;;;;;;;
99;2.5;20;Renaud2;;;;;;;;;;;;;;;;;;;;;;;;;;;;;;;;
104;2;2;Renaud2;;;;;;;;;;;;;;;;;;;;;;;;;;;;;;;;
106;0.1;1;Renaud2;;;;;;;;;;;;;;;;;;;;;;;;;;;;;;;;
121;0;0;Renaud2;;;;;;;;;;;;;;;;;;;;;;;;;;;;;;;;
126;2.5;17;Renaud2;;;;;;;;;;;;;;;;;;;;;;;;;;;;;;;;
127;4.5;10;Renaud2;;;;;;;;;;;;;;;;;;;;;;;;;;;;;;;;
141;2;5;Renaud2;;;;;;;;;;;;;;;;;;;;;;;;;;;;;;;;
143;3;17;Renaud2;;;;;;;;;;;;;;;;;;;;;;;;;;;;;;;;
145;2;1;Renaud2;;;;;;;;;;;;;;;;;;;;;;;;;;;;;;;;
146;3;10;Renaud2;;;;;;;;;;;;;;;;;;;;;;;;;;;;;;;;
148;2.5;2;Renaud2;;;;;;;;;;;;;;;;;;;;;;;;;;;;;;;;
150;0.1;1;Renaud2;;;;;;;;;;;;;;;;;;;;;;;;;;;;;;;;
160;3.5;3;Renaud2;;;;;;;;;;;;;;;;;;;;;;;;;;;;;;;;
165;0;0;Renaud2;;;;;;;;;;;;;;;;;;;;;;;;;;;;;;;;
171;3.5;10;Renaud2;;;;;;;;;;;;;;;;;;;;;;;;;;;;;;;;
184;2;2;Renaud2;;;;;;;;;;;;;;;;;;;;;;;;;;;;;;;;
185;3;5;Renaud2;;;;;;;;;;;;;;;;;;;;;;;;;;;;;;;;
189;1.5;1;Renaud2;;;;;;;;;;;;;;;;;;;;;;;;;;;;;;;;
191;2;4;Renaud2;;;;;;;;;;;;;;;;;;;;;;;;;;;;;;;;
192;3;3;Renaud2;;;;;;;;;;;;;;;;;;;;;;;;;;;;;;;;
194;0.1;1;Renaud2;;;;;;;;;;;;;;;;;;;;;;;;;;;;;;;;
204;2.5;2;Renaud2;;;;;;;;;;;;;;;;;;;;;;;;;;;;;;;;
207;0;0;Renaud2;;;;;;;;;;;;;;;;;;;;;;;;;;;;;;;;
209;0;0;Renaud2;;;;;;;;;;;;;;;;;;;;;;;;;;;;;;;;
215;3;12;Renaud2;;;;;;;;;;;;;;;;;;;;;;;;;;;;;;;;
218;2;2;Renaud2;;;;;;;;;;;;;;;;;;;;;;;;;;;;;;;;
251;0;0;Renaud2;;;;;;;;;;;;;;;;;;;;;;;;;;;;;;;;
252;0;0;Renaud2;;;;;;;;;;;;;;;;;;;;;;;;;;;;;;;;
253;0;0;Renaud2;;;;;;;;;;;;;;;;;;;;;;;;;;;;;;;;
256;0;0;Renaud2;;;;;;;;;;;;;;;;;;;;;;;;;;;;;;;;
257;3;7;Renaud2;;;;;;;;;;;;;;;;;;;;;;;;;;;;;;;;
259;3.5;17;Renaud2;;;;;;;;;;;;;;;;;;;;;;;;;;;;;;;;
280;3;5;Renaud2;;;;;;;;;;;;;;;;;;;;;;;;;;;;;;;;
292;2.5;2;Renaud2;;;;;;;;;;;;;;;;;;;;;;;;;;;;;;;;
295;0;0;Renaud2;;;;;;;;;;;;;;;;;;;;;;;;;;;;;;;;
297;0;0;Renaud2;;;;;;;;;;;;;;;;;;;;;;;;;;;;;;;;
301;4.5;12;Renaud2;;;;;;;;;;;;;;;;;;;;;;;;;;;;;;;;
302;2.5;15;Renaud2;;;;;;;;;;;;;;;;;;;;;;;;;;;;;;;;
303;3.5;5;Renaud2;;;;;;;;;;;;;;;;;;;;;;;;;;;;;;;;
321;0;0;Renaud2;;;;;;;;;;;;;;;;;;;;;;;;;;;;;;;;
322;2.5;1;Renaud2;;;;;;;;;;;;;;;;;;;;;;;;;;;;;;;;
323;2.5;1;Renaud2;;;;;;;;;;;;;;;;;;;;;;;;;;;;;;;;
329;2;3;Renaud2;;;;;;;;;;;;;;;;;;;;;;;;;;;;;;;;
365;1;1;Renaud2;;;;;;;;;;;;;;;;;;;;;;;;;;;;;;;;
372;2.5;3;Renaud2;;;;;;;;;;;;;;;;;;;;;;;;;;;;;;;;
373;3;3;Renaud2;;;;;;;;;;;;;;;;;;;;;;;;;;;;;;;;
389;2.5;2;Renaud2;;;;;;;;;;;;;;;;;;;;;;;;;;;;;;;;
409;1;1;Renaud2;;;;;;;;;;;;;;;;;;;;;;;;;;;;;;;;
410;3;2;Renaud2;;;;;;;;;;;;;;;;;;;;;;;;;;;;;;;;
414;0.1;1;Renaud2;;;;;;;;;;;;;;;;;;;;;;;;;;;;;;;;
416;2.5;2;Renaud2;;;;;;;;;;;;;;;;;;;;;;;;;;;;;;;;
422;2;1;Renaud2;;;;;;;;;;;;;;;;;;;;;;;;;;;;;;;;
433;2;2;Renaud2;;;;;;;;;;;;;;;;;;;;;;;;;;;;;;;;
450;4.5;1;Renaud2;;;;;;;;;;;;;;;;;;;;;;;;;;;;;;;;
453;1.5;1;Renaud2;;;;;;;;;;;;;;;;;;;;;;;;;;;;;;;;
454;3;1;Renaud2;;;;;;;;;;;;;;;;;;;;;;;;;;;;;;;;
466;2;1;Renaud2;;;;;;;;;;;;;;;;;;;;;;;;;;;;;;;;
502;0.1;1;Renaud2;;;;;;;;;;;;;;;;;;;;;;;;;;;;;;;;
508;2.5;1;Renaud2;;;;;;;;;;;;;;;;;;;;;;;;;;;;;;;;
521;1.5;1;Renaud2;;;;;;;;;;;;;;;;;;;;;;;;;;;;;;;;
524;3.5;10;Renaud2;;;;;;;;;;;;;;;;;;;;;;;;;;;;;;;;
541;1;1;Renaud2;;;;;;;;;;;;;;;;;;;;;;;;;;;;;;;;
585;0.5;1;Renaud2;;;;;;;;;;;;;;;;;;;;;;;;;;;;;;;;
590;0.1;1;Renaud2;;;;;;;;;;;;;;;;;;;;;;;;;;;;;;;;
592;4;4;Renaud2;;;;;;;;;;;;;;;;;;;;;;;;;;;;;;;;
596;2;2;Renaud2;;;;;;;;;;;;;;;;;;;;;;;;;;;;;;;;
600;2;1;Renaud2;;;;;;;;;;;;;;;;;;;;;;;;;;;;;;;;
616;2.5;1;Renaud2;;;;;;;;;;;;;;;;;;;;;;;;;;;;;;;;
619;2.5;5;Renaud2;;;;;;;;;;;;;;;;;;;;;;;;;;;;;;;;
620;3.5;30;Renaud2;;;;;;;;;;;;;;;;;;;;;;;;;;;;;;;;
621;0.1;1;Renaud2;;;;;;;;;;;;;;;;;;;;;;;;;;;;;;;;
624;2;4;Renaud2;;;;;;;;;;;;;;;;;;;;;;;;;;;;;;;;
627;2;1;Renaud2;;;;;;;;;;;;;;;;;;;;;;;;;;;;;;;;
630;0;0;Renaud2;;;;;;;;;;;;;;;;;;;;;;;;;;;;;;;;
645;0.1;1;Renaud2;;;;;;;;;;;;;;;;;;;;;;;;;;;;;;;;
659;3;8;Renaud2;;;;;;;;;;;;;;;;;;;;;;;;;;;;;;;;
660;2.5;27;Renaud2;;;;;;;;;;;;;;;;;;;;;;;;;;;;;;;;
661;0.1;1;Renaud2;;;;;;;;;;;;;;;;;;;;;;;;;;;;;;;;
663;3;7;Renaud2;;;;;;;;;;;;;;;;;;;;;;;;;;;;;;;;
664;2;3;Renaud2;;;;;;;;;;;;;;;;;;;;;;;;;;;;;;;;
667;2;1;Renaud2;;;;;;;;;;;;;;;;;;;;;;;;;;;;;;;;
685;0;0;Renaud2;;;;;;;;;;;;;;;;;;;;;;;;;;;;;;;;
699;2.5;8;Renaud2;;;;;;;;;;;;;;;;;;;;;;;;;;;;;;;;
700;2.5;25;Renaud2;;;;;;;;;;;;;;;;;;;;;;;;;;;;;;;;
701;0.1;1;Renaud2;;;;;;;;;;;;;;;;;;;;;;;;;;;;;;;;
703;2.5;7;Renaud2;;;;;;;;;;;;;;;;;;;;;;;;;;;;;;;;
704;2.5;4;Renaud2;;;;;;;;;;;;;;;;;;;;;;;;;;;;;;;;
710;0;0;Renaud2;;;;;;;;;;;;;;;;;;;;;;;;;;;;;;;;
;;;;;;;;;;;;;;;;;;;;;;;;;;;;;;;;;;;
